Nome;Modelo;Valor c desc;Valor s desc;Porcentagem desc;Avaliacao; 
Camiseta Nike Essential Masculina;Basquete;R$ 237,49 no Pix;R$ 249,99;5% off;4.3;
Camiseta Nike Liverpool Club Essential Masculina;Futebol;R$ 189,99 no Pix;R$ 199,99;5% off;5.0;
Camiseta Nike Dri-FIT Masculina;Treino & Academia;R$ 208,99 no Pix;R$ 329,99;37% off;;
Camiseta Nike Sportswear Tech Pack Masculina;Casual;R$ 313,49 no Pix;R$ 479,99;35% off;5.0;
Camiseta Nike Dri-FIT LeBron Masculina;Basquete;R$ 142,49 no Pix;R$ 249,99;43% off;5.0;
Camiseta Nike Dri-FIT ADV Masculina;Treino & Academia;R$ 341,99 no Pix;R$ 449,99;24% off;4.3;
Shorts Nike Club Woven Masculino;Casual;R$ 360,99 no Pix;R$ 379,99;5% off;;
Camiseta Nike Max90 Masculina;Basquete;R$ 332,49 no Pix;R$ 349,99;5% off;;
Nike x Nocta;Casual;R$ 999,99;4.0;Disponível em SNKRS;;
Shorts Nike Swoosh Masculino;Natação & Praia;R$ 389,49 no Pix;R$ 409,99;5% off;;
Camiseta Nike ACG NRG Masculina;Casual;R$ 332,49 no Pix;R$ 349,99;5% off;;
Shorts Nike Solid Icon Masculino;Natação & Praia;R$ 265,99 no Pix;R$ 449,99;41% off;;
Shorts Nike Sneaker Lap Masculino;Natação & Praia;R$ 265,99 no Pix;R$ 279,99;5% off;;
Shorts Nike Sneaker Lap Masculino;Natação & Praia;R$ 389,49 no Pix;R$ 409,99;5% off;;
Nike x NOCTA;Casual;R$ 664,99 no Pix;R$ 699,99;5% off;;
Jaqueta Nike Sportswear Corinthians Masculina;Futebol;R$ 569,99 no Pix;R$ 599,99;5% off;;
Jaqueta Nike JA Masculina;Basquete;R$ 664,99 no Pix;R$ 699,99;5% off;;
Camiseta Nike ACG Tidalpool Masculina;Casual;R$ 218,49 no Pix;R$ 329,99;34% off;;
Camiseta Nike ACG Tidalpool Masculina;Casual;R$ 218,49 no Pix;R$ 329,99;34% off;;
Camiseta Nike Club Masculina;Casual;R$ 218,49 no Pix;R$ 229,99;5% off;3.9;
Camiseta Nike Milwaukee Bucks City Edition Masculina;Basquete;R$ 189,99 no Pix;R$ 229,99;17% off;5.0;
Calça Nike Club Fleece Bungie Masculina;Casual;R$ 427,49 no Pix;R$ 449,99;5% off;;
Camiseta Nike ACG NRG Masculina;Casual;R$ 332,49 no Pix;R$ 349,99;5% off;;
Nike x Nocta Tech Fleece Pant;Casual;R$ 854,99 no Pix;R$ 899,99;5% off;;
Shorts Nike Solid Icon Masculino;Natação & Praia;R$ 265,99 no Pix;R$ 449,99;41% off;;
Shorts Nike Sneaker Lap Masculino;Natação & Praia;R$ 265,99 no Pix;R$ 279,99;5% off;;
Shorts Nike Sneaker Lap Masculino;Natação & Praia;R$ 389,49 no Pix;R$ 409,99;5% off;;
Shorts Nike Sneaker Lap Masculino;Natação & Praia;R$ 389,49 no Pix;R$ 409,99;5% off;;
Jaqueta Nike Sportswear Corinthians Masculina;Futebol;R$ 569,99 no Pix;R$ 599,99;5% off;;
Shorts Nike Club Woven Masculino;Casual;R$ 360,99 no Pix;R$ 379,99;5% off;;
Shorts Nike Tech Fleece Masculino;Casual;R$ 550,99 no Pix;R$ 649,99;15% off;;
Nike x Off-White™;Casual;R$ 1139,99 no Pix;R$ 1.199,99;5% off;;
Camiseta Nike Liverpool Club Essential Masculina;Futebol;R$ 189,99 no Pix;R$ 199,99;5% off;5.0;
Camiseta Nike Max90 Masculina;Basquete;R$ 332,49 no Pix;R$ 349,99;5% off;;
Camiseta Nike Sportswear Tech Pack Masculina;Casual;R$ 313,49 no Pix;R$ 479,99;35% off;5.0;
Camiseta Nike Dri-FIT LeBron Masculina;Basquete;R$ 142,49 no Pix;R$ 249,99;43% off;5.0;
Camiseta Nike Dri-FIT ADV Masculina;Treino & Academia;R$ 341,99 no Pix;R$ 449,99;24% off;4.3;
Camiseta Nike Dri-FIT Running Division Masculina;Corrida;R$ 170,99 no Pix;R$ 199,99;15% off;;
Camisa Nike Liverpool I 2022/23 Jogador Masculina;Futebol;R$ 569,99 no Pix;R$ 599,99;5% off;3.0;
Camiseta Nike Dri-FIT UV Run Division Miler Masculina;Corrida;R$ 132,99 no Pix;R$ 199,99;34% off;5.0;
Calça Nike Club Fleece Masculina;Casual;R$ 313,49 no Pix;R$ 329,99;5% off;4.1;
Camiseta Nike Club Masculina;Casual;R$ 218,49 no Pix;R$ 229,99;5% off;3.9;
Camiseta Nike Sportswear Masculina;Casual;R$ 189,99 no Pix;R$ 199,99;5% off;5.0;
Camiseta Nike Brooklyn Nets Masculina;Basquete;R$ 170,99 no Pix;R$ 229,99;26% off;3.0;
Calça Nike Solo Swoosh Fleece Masculina;Casual;R$ 436,99 no Pix;R$ 549,99;21% off;5.0;
Calça Nike Solo Swoosh Fleece Masculina;Casual;R$ 522,49 no Pix;R$ 549,99;5% off;5.0;
Jaqueta Nike Masculina;Casual;R$ 332,49 no Pix;R$ 349,99;5% off;4.9;
Camisa Nike Liverpool I 2022/23 Jogador Masculina;Futebol;R$ 569,99 no Pix;R$ 599,99;5% off;3.0;
Camiseta Nike Dri-FIT UV Run Division Miler Masculina;Corrida;R$ 132,99 no Pix;R$ 199,99;34% off;5.0;
Camiseta Nike Court Dri-FIT Slam Masculina;Para Jogar Tênis;R$ 294,49 no Pix;R$ 549,99;46% off;;
Nike x MMW;Casual;R$ 379,99 no Pix;R$ 399,99;5% off;;
Camiseta Nike Masculina;Basquete;R$ 180,49 no Pix;R$ 279,99;36% off;5.0;
Shorts Nike Tech Fleece Masculino;Casual;R$ 550,99 no Pix;R$ 649,99;15% off;;
Shorts Jordan Essentials Masculino;Casual;R$ 313,49 no Pix;R$ 329,99;5% off;4.9;
Nike x Off-White™;Casual;R$ 712,49 no Pix;R$ 749,99;5% off;;
Jaqueta Nike Therma-FIT Puffer Masculina;Casual;R$ 797,99 no Pix;R$ 849,99;6% off;5.0;
Blusão Nike Sportswear Tech Fleece Masculino;Casual;R$ 645,99 no Pix;R$ 799,99;19% off;5.0;
Blusão Nike Track Club Fleece Masculino;Corrida;R$ 332,49 no Pix;R$ 499,99;34% off;;
Blusão Nike Solo Swoosh Fleece Masculina;Casual;R$ 427,49 no Pix;R$ 599,99;29% off;;
Nike x Stüssy Acid-Washed Fleece Pants;R$ 636,49 no Pix;R$ 699,99;9% off;;;
Camiseta Nike Dri-FIT Masculina;Corrida;R$ 170,99 no Pix;R$ 229,99;26% off;;
Camiseta Nike Liverpool Masculina;Futebol;R$ 189,99 no Pix;R$ 199,99;5% off;;
Camiseta Nike OC PK 5 Masculina;Casual;R$ 237,49 no Pix;R$ 249,99;5% off;;
Camiseta Nike Liverpool Strike Masculina;Futebol;R$ 256,49 no Pix;R$ 279,99;8% off;2.0;
Blusão Jordan Fleece Zion Masculino;Casual;R$ 465,49 no Pix;R$ 549,99;15% off;5.0;
Shorts Nike Boston Celtics Masculino;Basquete;R$ 237,49 no Pix;R$ 349,99;32% off;4.7;
Camisa Nike PSG I 2022/2023 Jogador Masculina;Futebol;R$ 569,99 no Pix;R$ 599,99;5% off;5.0;
Camiseta Nike Liverpool Pré-Jogo Masculina;Futebol;R$ 322,99 no Pix;R$ 399,99;19% off;;
Calça Nike Club Masculina;Casual;R$ 474,99 no Pix;R$ 499,99;5% off;;
Camiseta Nike Dri-FIT Masculina;Corrida;R$ 170,99 no Pix;R$ 229,99;26% off;;
Camisa Nike PSG IV 2021/22 Jogador Masculina;Futebol;R$ 569,99 no Pix;R$ 599,99;5% off;5.0;
Camiseta Nike Corinthians Masculina;Futebol;R$ 218,49 no Pix;R$ 229,99;5% off;;
Calça Nike Sportswear Brasil Club Masculina;Futebol;R$ 379,99 no Pix;R$ 449,99;16% off;5.0;
Regata Nike Dri-FIT DNA Giannis Antetokounmpo Masculina;Basquete;R$ 379,99 no Pix;R$ 399,99;5% off;;
Camiseta Jordan Paris Masculina;Casual;R$ 332,49 no Pix;R$ 349,99;5% off;;
Camiseta Nike Dri-FIT ADV Run Masculina;Corrida;R$ 265,99 no Pix;R$ 399,99;34% off;4.0;
Camiseta Nike Dri-FIT Masculina;Basquete;R$ 237,49 no Pix;R$ 249,99;5% off;;
Camiseta Nike Max90 LeBron x Liverpool Masculina;Basquete;R$ 208,99 no Pix;R$ 329,99;37% off;5.0;
Camiseta Nike Trail Solar Chase Masculina;Corrida;R$ 275,49 no Pix;R$ 379,99;28% off;;
Shorts Nike Dri-FIT ADV AeroSwift Masculino;Corrida;R$ 322,99 no Pix;R$ 499,99;35% off;5.0;
Camiseta Nike Sportswear Masculina;Casual;R$ 218,49 no Pix;R$ 229,99;5% off;5.0;
Camiseta Nike Brooklyn Nets Masculina;Basquete;R$ 170,99 no Pix;R$ 229,99;26% off;3.0;
Camiseta Nike Masculina;Basquete;R$ 180,49 no Pix;R$ 279,99;36% off;5.0;
Calça Nike Club Fleece Masculina;Casual;R$ 313,49 no Pix;R$ 329,99;5% off;4.1;
Camisa Nike Austrália II 2023/24 Torcedor Pro Masculina;Futebol;R$ 379,99 no Pix;R$ 399,99;5% off;5.0;
Camiseta Nike OC PK 5 Masculina;Casual;R$ 237,49 no Pix;R$ 249,99;5% off;;
Camiseta Nike Liverpool Strike Masculina;Futebol;R$ 256,49 no Pix;R$ 279,99;8% off;2.0;
Colete Nike Dri-FIT Park Unissex;Futebol;R$ 142,49 no Pix;R$ 149,99;5% off;;
Colete Nike Dri-FIT Park Unissex;Futebol;R$ 142,49 no Pix;R$ 149,99;5% off;;
Camiseta Nike Court Dri-FIT Slam Masculina;Para Jogar Tênis;R$ 313,49 no Pix;R$ 499,99;37% off;;
Camiseta Jordan Zion Masculina;Casual;R$ 237,49 no Pix;R$ 249,99;5% off;;
Jaqueta Nike Paris Saint-German Masculina;Futebol;R$ 759,99 no Pix;R$ 799,99;5% off;5.0;
Jaqueta Nike SB Chore Unissex;Skate;R$ 759,99 no Pix;R$ 799,99;5% off;;
Calça Nike Air Masculino;Casual;R$ 455,99 no Pix;R$ 599,99;24% off;5.0;
Blusão Nike Barcelona III Club French Terry Masculino;Futebol;R$ 284,99 no Pix;R$ 599,99;53% off;;
Nike ISPA;Casual;R$ 1234,99 no Pix;R$ 1.299,99;5% off;;
Camiseta Nike Dri-FIT Strike Liverpool Maculina;Futebol;R$ 370,49 no Pix;R$ 549,99;33% off;;
Camiseta Nike Dri-FIT Fleece Masculina;Treino & Academia;R$ 218,49 no Pix;R$ 399,99;45% off;;
Regata Nike New Orleans Pelicans Icon Edition 2022/23 Masculina;Basquete;R$ 484,49 no Pix;R$ 699,99;31% off;;
Blusão Nike Therma-FIT NBA Los Angeles Lakers Masculino;Basquete;R$ 569,99 no Pix;R$ 599,99;5% off;2.0;
Camisa Nike Liverpool II 2023/24 Jogador Masculina;Futebol;R$ 664,99 no Pix;R$ 699,99;5% off;;
Camiseta Nike Run Energy Masculina;Corrida;R$ 246,99 no Pix;R$ 349,99;29% off;;
Camiseta Nike Run Energy Masculina;Corrida;R$ 246,99 no Pix;R$ 349,99;29% off;;
Shorts Nike Sportswear Brasil Club Masculino;Futebol;R$ 332,49 no Pix;R$ 399,99;17% off;;
Nike x MMW;Casual;R$ 1130,49 no Pix;R$ 1.199,99;6% off;;
Regata Nike Phoenix Suns Icon Edition 2023/24 Masculina;Basquete;R$ 569,99 no Pix;R$ 649,99;12% off;5.0;
Shorts Nike Woven Masculino;Casual;R$ 294,49 no Pix;R$ 429,99;32% off;5.0;
Shorts Nike Life Woven Masculino;Casual;R$ 332,49 no Pix;R$ 499,99;34% off;;
Nike x MMW;Casual;R$ 797,99 no Pix;R$ 1.199,99;34% off;;
"Calça Nike ACG ""Wolf Tree"" Masculina";Casual;R$ 607,99 no Pix;R$ 799,99;24% off;3.0;
Jordan x J Balvin;Casual;R$ 379,99 no Pix;R$ 399,99;5% off;5.0;
Camiseta Jordan Dri-FIT Strike PSG Maculina;Futebol;R$ 332,49 no Pix;R$ 549,99;40% off;;
Camiseta Nike PSG Strike Masculina;Futebol;R$ 199,49 no Pix;R$ 329,99;40% off;;
Camiseta Nike Dri-FIT Fleece Masculina;Treino & Academia;R$ 218,49 no Pix;R$ 399,99;45% off;;
Camisa Nike Liverpool III 2023/24 Jogador Masculina;Futebol;R$ 664,99 no Pix;R$ 699,99;5% off;;
Camiseta Nike Sportswear Masculina;Casual;R$ 189,99 no Pix;R$ 199,99;5% off;;
Nike ISPA;Casual;R$ 1234,99 no Pix;R$ 1.299,99;5% off;;
Camiseta Nike Dri-FIT Strike Liverpool Maculina;Futebol;R$ 370,49 no Pix;R$ 549,99;33% off;;
Blusão Nike Therma-FIT NBA Los Angeles Lakers Masculino;Basquete;R$ 569,99 no Pix;R$ 599,99;5% off;2.0;
Blusão Nike Barcelona III Club French Terry Masculino;Futebol;R$ 284,99 no Pix;R$ 599,99;53% off;;
Regata Nike Brasil Masculina;Basquete;R$ 1899,99 no Pix;R$ 1.999,99;5% off;;
Jaqueta Nike Inglaterra I Academy Pro Masculina;Futebol;R$ 664,99 no Pix;R$ 699,99;5% off;;
Camiseta Jordan Polo Masculina;Casual;R$ 227,99 no Pix;R$ 379,99;40% off;5.0;
Camisa Nike Atlético de Madrid III 2023/24 Torcedor Pro Masculina;Futebol;R$ 379,99 no Pix;R$ 399,99;5% off;;
Camiseta Nike JDI Swoosh Masculina;Basquete;R$ 265,99 no Pix;R$ 279,99;5% off;;
Jaqueta Nike Sportswear Sherpa Masculina;Casual;R$ 854,99 no Pix;R$ 899,99;5% off;3.0;
Camiseta Nike Court Slam Masculina;Para Jogar Tênis;R$ 151,99 no Pix;R$ 249,99;39% off;;
Camiseta Nike Club Crew Masculina;Casual;R$ 341,99 no Pix;R$ 449,99;24% off;;
Camiseta Nike M90 LeBron Masculina;Basquete;R$ 265,99 no Pix;R$ 329,99;19% off;;
Shorts Jordan Essential Woven Masculino;Casual;R$ 313,49 no Pix;R$ 329,99;5% off;5.0;
Blusão Nike Dri-FIT Form GFX Masculino;Treino & Academia;R$ 474,99 no Pix;R$ 499,99;5% off;;
Blusão Jordan Essentials Masculino;Casual;R$ 474,99 no Pix;R$ 499,99;5% off;;
Blusão Nike Club Fleece+ Masculino;Casual;R$ 379,99 no Pix;R$ 399,99;5% off;5.0;
Blusão Jordan Flight MVP Masculino;Casual;R$ 522,49 no Pix;R$ 549,99;5% off;5.0;
Camisa Nike Holanda I 2024/25 Torcedor Pro Masculina;Futebol;R$ 379,99 no Pix;R$ 399,99;5% off;4.0;
Calça Nike Tech Fleece Masculina;Casual;R$ 436,99 no Pix;R$ 699,99;38% off;5.0;
Camiseta Nike Inglaterra Pré-Jogo Masculina;Futebol;R$ 284,99 no Pix;R$ 399,99;29% off;;
Blusão Nike Sportswear França Club Fleece Masculino;Futebol;R$ 427,49 no Pix;R$ 449,99;5% off;;
Camiseta Nike Liverpool.Strike Masculina;Futebol;R$ 313,49 no Pix;R$ 549,99;43% off;;
Camiseta Jordan Fleece MVP Crew Masculina;Casual;R$ 208,99 no Pix;R$ 249,99;16% off;;
Jaqueta Nike Strike Barcelona Hino Masculina;Futebol;R$ 427,49 no Pix;R$ 899,99;53% off;;
Camiseta Nike Barcelona Essential Masculina;Futebol;R$ 189,99 no Pix;R$ 249,99;24% off;;
Shorts Nike Sportswear Woven Masculino;Casual;R$ 522,49 no Pix;R$ 549,99;5% off;;
Jaqueta Nike Running Division UV Masculina;Corrida;R$ 674,49 no Pix;R$ 899,99;25% off;;
Jaqueta Nike Barcelona Academy Pro Masculina;Futebol;R$ 664,99 no Pix;R$ 699,99;5% off;;
Jaqueta Nike Liverpool Hino FC Strike Masculina;Futebol;R$ 645,99 no Pix;R$ 699,99;8% off;;
Nike x MMW;Casual;R$ 1130,49 no Pix;R$ 1.199,99;6% off;5.0;
Camiseta Nike Paris Saint-Germain Strike Masculina;Futebol;R$ 265,99 no Pix;R$ 299,99;11% off;5.0;
Camiseta Nike Paris Saint-Germain Strike Masculina;Futebol;R$ 284,99 no Pix;R$ 299,99;5% off;5.0;
Shorts Nike Corinthians Cargo Masculino;Futebol;R$ 332,49 no Pix;R$ 349,99;5% off;;
Blusão Jordan Flight MVP Masculino;Casual;R$ 569,99 no Pix;R$ 599,99;5% off;;
Shorts Nike Sportswear Brasil Club Masculino;Futebol;R$ 332,49 no Pix;R$ 399,99;17% off;;
Shorts Nike Dri-FIT Run Division Challenger Masculino;Corrida;R$ 208,99 no Pix;R$ 299,99;30% off;1.0;
Nike x MMW;Casual;R$ 1130,49 no Pix;R$ 1.199,99;6% off;;
Jaqueta Nike Sportswear Masculina;Casual;R$ 1234,99 no Pix;R$ 1.299,99;5% off;;
Camisa Nike Liverpool III 2023/24 Jogador Masculina;Futebol;R$ 664,99 no Pix;R$ 699,99;5% off;;
Camiseta Nike Sportswear Masculina;Casual;R$ 161,49 no Pix;R$ 199,99;19% off;;
Regata Nike Brasil Standard Issue Masculina;Futebol;R$ 284,99 no Pix;R$ 349,99;19% off;4.7;
Regata Nike Chicago Bulls Statement Edition 2022/23 Masculina;Basquete;R$ 474,99 no Pix;R$ 699,99;32% off;5.0;
Jaqueta Nike Paris Saint-German Strike Masculina;Futebol;R$ 759,99 no Pix;R$ 799,99;5% off;;
Calça Nike Masculina;Corrida;R$ 208,99 no Pix;R$ 399,99;48% off;4.6;
Camisa Nike Holanda II 2024/25 Torcedor Pro Masculina;Futebol;R$ 379,99 no Pix;R$ 399,99;5% off;4.0;
Jaqueta Nike Paris Saint-German Masculina;Futebol;R$ 759,99 no Pix;R$ 799,99;5% off;5.0;
Jaqueta Nike SB Chore Unissex;Skate;R$ 759,99 no Pix;R$ 799,99;5% off;;
Camisa Nike Atlético de Madrid III 2023/24 Torcedor Pro Masculina;Futebol;R$ 379,99 no Pix;R$ 399,99;5% off;;
Regata Nike Court Slam Masculina;Para Jogar Tênis;R$ 313,49 no Pix;R$ 499,99;37% off;;
Regata Nike Brasil Masculina;Basquete;R$ 1899,99 no Pix;R$ 1.999,99;5% off;;
Jaqueta Nike Inglaterra I Academy Pro Masculina;Futebol;R$ 664,99 no Pix;R$ 699,99;5% off;;
Calça Nike Sportswear Corinthians Jogger Masculina;Futebol;R$ 427,49 no Pix;R$ 449,99;5% off;;
Jaqueta Nike Dri-FIT Masculina;Corrida;R$ 550,99 no Pix;R$ 749,99;27% off;5.0;
Blusão Nike Sportswear Tech Fleece Masculino;Casual;R$ 484,49 no Pix;R$ 649,99;25% off;3.5;
Jaqueta Nike Sportswear Sherpa Masculina;Casual;R$ 854,99 no Pix;R$ 899,99;5% off;3.0;
Jaqueta Nike Repel Miler Masculina;Corrida;R$ 408,49 no Pix;R$ 599,99;32% off;5.0;
Blusão Nike Barcelona III Club French Terry Masculino;Futebol;R$ 284,99 no Pix;R$ 599,99;53% off;;
Blusão Jordan Flight MVP Masculino;Casual;R$ 474,99 no Pix;R$ 499,99;5% off;;
Camiseta Nike Paris Saint-Germain Academy Pro Masculina;Futebol;R$ 341,99 no Pix;R$ 399,99;15% off;;
Camisa Nike Paris Saint-Germain I 2023/24 Jogador Masculina;Futebol;R$ 664,99 no Pix;R$ 699,99;5% off;4.5;
Camiseta Nike Vintage Masculina;Treino & Academia;R$ 218,49 no Pix;R$ 229,99;5% off;;
Camiseta Nike Vintage Masculina;Treino & Academia;R$ 218,49 no Pix;R$ 229,99;5% off;;
Camisa Nike Liverpool II 2023/24 Jogador Masculina;Futebol;R$ 664,99 no Pix;R$ 699,99;5% off;;
Regata Nike NBA Stephen Curry Golden State Warriors 2024/25 Select Series Masculina;Basquete;R$ 598,49 no Pix;R$ 699,99;15% off;;
Camiseta Nike Run Energy Masculina;Corrida;R$ 246,99 no Pix;R$ 349,99;29% off;;
Camiseta Nike Dri-FIT Giannis Masculina;Basquete;R$ 265,99 no Pix;R$ 279,99;5% off;;
Camiseta Jordan Masculina;Casual;R$ 313,49 no Pix;R$ 329,99;5% off;4.8;
Personalize;Camisa Nike Brasil II 2022/23 Jogador Masculina;Futebol;R$ 664,99 no Pix;R$ 699,99;5% off;5.0
Camiseta Nike Dri-FIT ADV Masculina;Treino & Academia;R$ 360,99 no Pix;R$ 499,99;28% off;5.0;
Calça Nike Brasil Strike Elite Masculina;Futebol;R$ 664,99 no Pix;R$ 699,99;5% off;5.0;
Regata Nike NBA Cleveland Cavaliers Icon Edition 2022/23 Masculina;Basquete;R$ 531,99 no Pix;R$ 699,99;24% off;5.0;
Regata Nike Denver Nuggets Icon Edition 2022/23 Masculina;Basquete;R$ 474,99 no Pix;R$ 699,99;32% off;4.7;
Jaqueta Nike Barcelona Academy Pro Masculina;Futebol;R$ 664,99 no Pix;R$ 699,99;5% off;;
Camisa Nike Barcelona IV 2023/24 Jogador Masculina;Futebol;R$ 379,99 no Pix;R$ 699,99;46% off;;
Blusão Nike SB Fleece Unissex;Skateboarding;R$ 427,49 no Pix;R$ 649,99;34% off;5.0;
Shorts Nike Liverpool III 2023/24 Torcedor Pro Masculino;Futebol;R$ 227,99 no Pix;R$ 349,99;35% off;;
Jaqueta Nike Life Masculina;Casual;R$ 550,99 no Pix;R$ 799,99;31% off;;
Camisa Nike Estados Unidos II 2024/25 Torcedor Pro Masculina;Futebol;R$ 379,99 no Pix;R$ 399,99;5% off;;
Camisa Nike Paris Saint-Germain III 2024/25 Torcedor Pro Masculina;Futebol;R$ 379,99 no Pix;R$ 399,99;5% off;;
Camiseta Nike Barcelona Strike Masculina;Futebol;R$ 284,99 no Pix;R$ 299,99;5% off;5.0;
Camiseta Nike Paris Saint-Germain Strike Masculina;Futebol;R$ 284,99 no Pix;R$ 299,99;5% off;2.0;
Camiseta Nike Run Division Rise 365 Masculina;Corrida;R$ 284,99 no Pix;R$ 379,99;25% off;5.0;
Blusão Nike SB Fleece HD Unissex;Skate;R$ 322,99 no Pix;R$ 399,99;19% off;;
Calça Nike Woven Tech Masculina;Casual;R$ 474,99 no Pix;R$ 699,99;32% off;5.0;
Camisa Polo Nike Rafa Nadal Masculina;Para Jogar Tênis;R$ 218,49 no Pix;R$ 499,99;56% off;5.0;
Camiseta Nike Sportswear Max90 Masculina;Casual;R$ 313,49 no Pix;R$ 329,99;5% off;;
Camiseta Nike Sportswear Max90 Masculina;Casual;R$ 227,99 no Pix;R$ 329,99;31% off;;
Camiseta Nike Sportswear Masculina;Casual;R$ 170,99 no Pix;R$ 229,99;26% off;;
Camiseta Nike Sportswear Max90 Masculina;Casual;R$ 265,99 no Pix;R$ 279,99;5% off;;
SB Dunk Low Pro;Casual;R$ 999,99;Disponível em SNKRS;;;
Jaqueta Nike Dri-FIT UV ADV Masculina;Treino & Academia;R$ 683,99 no Pix;R$ 899,99;24% off;;
Camisa Nike PSG III 2023/24 Torcedor Pro Masculina;Futebol;R$ 379,99 no Pix;R$ 399,99;5% off;;
Camiseta Nike Track Club Masculina;Corrida;R$ 208,99 no Pix;R$ 249,99;16% off;;
Camiseta Nike NIKEU Masculina;Basquete;R$ 123,49 no Pix;R$ 279,99;56% off;;
Camiseta Nike Rise 365 Masculina;Corrida;R$ 189,99 no Pix;R$ 299,99;37% off;5.0;
Camiseta Nike Rise 365 Masculina;Corrida;R$ 189,99 no Pix;R$ 299,99;37% off;5.0;
Camiseta Nike Sportswer M90 OC Masculina;Casual;R$ 218,49 no Pix;R$ 229,99;5% off;;
Camiseta Nike Sportswer M90 OC Masculina;Casual;R$ 218,49 no Pix;R$ 229,99;5% off;;
Cardigan Nike Club Fairway Masculino;Casual;R$ 379,99 no Pix;R$ 499,99;24% off;5.0;
Personalize;Camisa Nike Corinthians I 2024/25 Jogador Masculina;Futebol;R$ 664,99 no Pix;R$ 699,99;5% off;3.7
Camiseta Nike Sportswear Attitude Infantil;Pré-Adolescentes / Casual;R$ 142,49 no Pix;R$ 179,99;21% off;;
Camiseta Nike Sportswear Attitude Infantil;Pré-Adolescentes / Casual;R$ 85,49 no Pix;R$ 179,99;53% off;;
Jaqueta Nike Sportswear Woven Masculina;Casual;R$ 579,49 no Pix;R$ 849,99;32% off;5.0;
Camiseta Nike Trail Dri-FIT Masculina;Corrida;R$ 161,49 no Pix;R$ 249,99;35% off;;
Camisa Nike França I 2024/25 Jogador Masculina;Futebol;R$ 664,99 no Pix;R$ 699,99;5% off;;
Shorts Nike NBA Golden State Warriors Masculino;Basquete;R$ 275,49 no Pix;R$ 399,99;31% off;;
Camiseta Jordan Sport Dri-FIT Masculina;Casual;R$ 218,49 no Pix;R$ 229,99;5% off;;
Calça Nike Dri-FIT Academy 23 Masculina;Futebol;R$ 227,99 no Pix;R$ 299,99;24% off;4.5;
Shorts Nike Dri-FIT Icon Masculino;Basquete;R$ 237,49 no Pix;R$ 249,99;5% off;4.8;
Camiseta Nike Liverpool III Pré-Jogo Masculina;Futebol;R$ 313,49 no Pix;R$ 399,99;22% off;;
Calça Nike Woven Tech Masculina;Casual;R$ 474,99 no Pix;R$ 699,99;32% off;5.0;
Camisa Polo Nike Rafa Nadal Masculina;Para Jogar Tênis;R$ 218,49 no Pix;R$ 499,99;56% off;5.0;
Shorts Nike Liverpool III 2023/24 Torcedor Pro Masculino;Futebol;R$ 227,99 no Pix;R$ 349,99;35% off;;
Shorts Nike Dri-FIT Swoosh 7UL Masculino;Treino & Academia;R$ 332,49 no Pix;R$ 349,99;5% off;;
Camiseta Nike Sportswear Masculina;Casual;R$ 170,99 no Pix;R$ 229,99;26% off;5.0;
Camiseta Nike Sportswear Masculina;Casual;R$ 189,99 no Pix;R$ 229,99;17% off;5.0;
Camiseta Nike Sportswear Masculina;Casual;R$ 189,99 no Pix;R$ 229,99;17% off;5.0;
Camiseta Nike Sportswear Masculina;Casual;R$ 218,49 no Pix;R$ 229,99;5% off;5.0;
Regata Nike Dri-FIT ADV Masculina;Corrida;R$ 569,99 no Pix;R$ 599,99;5% off;;
Blusão Nike Sportswear Club Fleece Masculino;Casual;R$ 379,99 no Pix;R$ 399,99;5% off;4.7;
Camiseta NikeCourt Dri-FIT ADV Slam Masculina;Para Jogar Tênis;R$ 455,99 no Pix;R$ 599,99;24% off;5.0;
Camiseta Nike Paris Saint-Germain Crest Masculina;Futebol;R$ 113,99 no Pix;R$ 199,99;43% off;5.0;
Camisa Nike FC Chelsea III 2024/25 Torcedor Pro Masculina;Futebol;R$ 379,99 no Pix;R$ 399,99;5% off;;
Shorts Nike Form Dri-FIT Masculino;Treino & Academia;R$ 170,99 no Pix;R$ 299,99;43% off;4.0;
Shorts Nike Team 31 Standard Issue Masculino;Basquete;R$ 265,99 no Pix;R$ 399,99;34% off;4.8;
Camiseta Nike Fri-FIT GFX Masculina;Treino & Academia;R$ 170,99 no Pix;R$ 179,99;5% off;;
Camiseta Nike Fri-FIT GFX Masculina;Treino & Academia;R$ 170,99 no Pix;R$ 179,99;5% off;;
Blusão Nike SB Jarritos Bowling Button Unissex;Skateboarding;R$ 379,99 no Pix;R$ 749,99;49% off;;
Shorts Nike Dri-FIT Unlimited Masculino;Treino & Academia;R$ 237,49 no Pix;R$ 379,99;38% off;4.8;
Shorts Nike Dri-FIT Unlimited Masculino;Treino & Academia;R$ 218,49 no Pix;R$ 379,99;43% off;4.8;
Shorts Nike Yoga Therma-FIT Masculino;Yoga;R$ 208,99 no Pix;R$ 279,99;25% off;5.0;
Regata Nike Miami Heat Icon Edition 2022/23 Masculina;Basquete;R$ 408,49 no Pix;R$ 699,99;42% off;5.0;
Jaqueta Nike PSG Academy Pro Masculina;Futebol;R$ 379,99 no Pix;R$ 599,99;37% off;;
Shorts Nike Dri-FIT ADV Aeroswift Masculino;Corrida;R$ 351,49 no Pix;R$ 499,99;30% off;5.0;
Shorts Nike Dri-FIT ADV Aeroswift Masculino;Corrida;R$ 294,49 no Pix;R$ 499,99;41% off;5.0;
Jaqueta Jordan Paris Saint-Germain Anthem Masculina;Casual;R$ 826,49 no Pix;R$ 899,99;8% off;;
Shorts Nike Dri-FIT DNA Masculino;Basquete;R$ 237,49 no Pix;R$ 329,99;28% off;;
Shorts Nike Dri-FIT DNA Masculino;Basquete;R$ 313,49 no Pix;R$ 329,99;5% off;;
Camiseta Nike Dri-FIT Masculina;Futebol;R$ 303,99 no Pix;R$ 329,99;8% off;;
Camiseta Nike Dri-FIT Trail Masculina;Corrida;R$ 189,99 no Pix;R$ 249,99;24% off;;
Camisa Nike Polo Brasil Masculina;Basquete;R$ 398,99 no Pix;R$ 549,99;27% off;;
Camiseta Jordan PSG Pré-Jogo III Masculina;Futebol;R$ 379,99 no Pix;R$ 399,99;5% off;;
Camiseta Nike Sportswear Masculina;Casual;R$ 237,49 no Pix;R$ 249,99;5% off;5.0;
Regata Nike Miami Heat Icon Edition 2023/24 Masculina;Basquete;R$ 512,99 no Pix;R$ 699,99;27% off;;
Camiseta Jordan PSG Masculina;Casual;R$ 218,49 no Pix;R$ 229,99;5% off;;
Shorts Nike Stride Running Division Masculino;Corrida;R$ 427,49 no Pix;R$ 449,99;5% off;5.0;
Regata Nike Boston Celtics Statement Edition 2022/23 Masculina;Basquete;R$ 664,99 no Pix;R$ 699,99;5% off;;
Jaqueta Nike Corinthians Hino Academy Pro Masculina;Futebol;R$ 427,49 no Pix;R$ 699,99;39% off;5.0;
Shorts Nike Dri-FIT Stride Masculino;Corrida;R$ 284,99 no Pix;R$ 399,99;29% off;5.0;
Camiseta Jordan PSG Masculina;Casual;R$ 142,49 no Pix;R$ 229,99;38% off;5.0;
Camiseta Nike Hydroguard Essential UV Masculina;Natação & Praia;R$ 237,49 no Pix;R$ 299,99;21% off;4.0;
Meia Nike Everyday Plus Cushioned (3 Pares) Unissex;Treino & Academia;R$ 151,99 no Pix;R$ 199,99;24% off;;
Camisa Jordan Essentials Masculina;Casual;R$ 379,99 no Pix;R$ 399,99;5% off;;
Nike x MMW;Casual;R$ 797,99 no Pix;R$ 1.199,99;34% off;;
Jaqueta Nike Storm-FIT Track Club Masculina;Corrida;R$ 446,49 no Pix;R$ 599,99;26% off;;
Camiseta Nike Flash Miler Masculina;Corrida;R$ 189,99 no Pix;R$ 279,99;32% off;5.0;
Blusão Nike Dri-FIT Magic Hour Masculino;Corrida;R$ 446,49 no Pix;R$ 599,99;26% off;;
Blusão Nike Dri-FIT Magic Hour Masculino;Corrida;R$ 256,49 no Pix;R$ 599,99;57% off;;
Blusão Nike Dri-FIT Magic Hour Masculino;Corrida;R$ 474,99 no Pix;R$ 599,99;21% off;;
Camisa de Goleiro Nike Liverpool 2023/24 Torcedor Pro Masculina;Futebol;R$ 237,49 no Pix;R$ 399,99;41% off;5.0;
Camisa Polo Nike Club Masculina;Casual;R$ 199,49 no Pix;R$ 399,99;50% off;;
Camiseta Nike Inter de Milão I 2024/25 Torcedor Pro Masculina;Futebol;R$ 379,99 no Pix;R$ 399,99;5% off;;
Personalize;Camisa Nike Brasil II 2024/25 Torcedor Pro Masculina;Futebol;R$ 332,49 no Pix;R$ 349,99;5% off;4.9
Camiseta Nike Sportswear Air Unissex;Casual;R$ 265,99 no Pix;R$ 279,99;5% off;;
Camiseta Nike Sportswear Air Unissex;Casual;R$ 199,49 no Pix;R$ 279,99;29% off;;
Camisa Nike Corinthians I 2024/25 Jogador Masculina;Futebol;R$ 664,99 no Pix;R$ 699,99;5% off;;
Shorts Nike Dri-FIT Masculino;Treino & Academia;R$ 151,99 no Pix;R$ 229,99;34% off;4.4;
Camiseta Jordan Sneaker Masculina;Casual;R$ 284,99 no Pix;R$ 299,99;5% off;5.0;
Camiseta Nike NBA Miami Heat Masculina;Basquete;R$ 218,49 no Pix;R$ 229,99;5% off;;
Shorts Nike PSG 2023/24 Torcedor Pro Masculino;Futebol;R$ 227,99 no Pix;R$ 349,99;35% off;;
Camiseta Nike Dri-FIT Ja Morant Masculina;Basquete;R$ 161,49 no Pix;R$ 279,99;42% off;;
Camiseta Nike Dri-FIT UV Masculina;Treino & Academia;R$ 180,49 no Pix;R$ 279,99;36% off;5.0;
Camiseta Nike Dri-FIT Academy 23 Dril Masculina;Futebol;R$ 218,49 no Pix;R$ 349,99;38% off;5.0;
Shorts Nike Dri-FIT Challenger Masculino;Corrida;R$ 332,49 no Pix;R$ 349,99;5% off;;
Shorts Nike Dri-FIT Challenger Masculino;Corrida;R$ 332,49 no Pix;R$ 349,99;5% off;;
Camisa Nike Chelsea III 2023/24 Torcedor Pro Masculina;Futebol;R$ 379,99 no Pix;R$ 399,99;5% off;5.0;
Camisa Nike Coreia II 2024/25 Torcedor Pro Masculina;Futebol;R$ 379,99 no Pix;R$ 399,99;5% off;2.0;
Camiseta Nike Liverpool x LeBron James MX90 Masculina;Futebol;R$ 218,49 no Pix;R$ 229,99;5% off;;
Camiseta Nike Sportswear Max90 Unissex;Casual;R$ 237,49 no Pix;R$ 249,99;5% off;;
Camiseta Nike Dri-FIT Ja Morant Masculina;Basquete;R$ 237,49 no Pix;R$ 249,99;5% off;;
Camiseta Nike Dri-FIT Ja Morant Masculina;Basquete;R$ 237,49 no Pix;R$ 249,99;5% off;;
Camiseta Nike Dri-FIT ACG Masculina;Casual;R$ 294,49 no Pix;R$ 349,99;16% off;;
Camiseta Nike SB Max90 Unissex;Casual;R$ 142,49 no Pix;R$ 249,99;43% off;;
Camiseta Nike SB Max90 Unissex;Casual;R$ 170,99 no Pix;R$ 249,99;32% off;;
Blusão Nike Club Oversized Masculino;Casual;R$ 379,99 no Pix;R$ 399,99;5% off;;
Jaqueta Nike Brasil Masculina;Futebol;R$ 617,49 no Pix;R$ 899,99;31% off;;
Calça Nike Dri-FIT Challenger Masculina;Corrida;R$ 351,49 no Pix;R$ 449,99;22% off;4.3;
Camiseta Nike ACG NRG Masculina;Casual;R$ 161,49 no Pix;R$ 279,99;42% off;;
Camiseta Nike Dri-FIT Masculina;Corrida;R$ 151,99 no Pix;R$ 199,99;24% off;4.8;
Jaqueta Nike Barcelona AWF Masculina;Futebol;R$ 541,49 no Pix;R$ 599,99;10% off;;
Jaqueta Nike Sportswear Windrunner Masculina;Casual;R$ 474,99 no Pix;R$ 499,99;5% off;5.0;
Jaqueta Nike Sportswear Windrunner Masculina;Casual;R$ 341,99 no Pix;R$ 499,99;32% off;5.0;
Camiseta Nike Sunset Unissex;Casual;R$ 237,49 no Pix;R$ 249,99;5% off;;
Camiseta Nike Sunset Unissex;Casual;R$ 237,49 no Pix;R$ 249,99;5% off;;
Calça Nike Brasil Treino Dri-FIT Academy Pro Masculina;Futebol;R$ 294,49 no Pix;R$ 349,99;16% off;;
Camiseta Nike Sportswear Swoosh Masculina;Casual;R$ 237,49 no Pix;R$ 249,99;5% off;4.9;
Camiseta Nike Essential Hydro Masculina;Natação & Praia;R$ 332,49 no Pix;R$ 349,99;5% off;5.0;
Camiseta Nike Essential Hydro Masculina;Natação & Praia;R$ 227,99 no Pix;R$ 349,99;35% off;5.0;
Camiseta Nike SB Road Dogs Unissex;Skateboarding;R$ 237,49 no Pix;R$ 249,99;5% off;;
Jaqueta Nike Sportswear Club Puffer Masculina;Casual;R$ 1044,99 no Pix;R$ 1.099,99;5% off;;
Jaqueta Nike Sportswear Club Puffer Masculina;Casual;R$ 1044,99 no Pix;R$ 1.099,99;5% off;;
Shorts Nike Dri-FIT Unlimited 2-in-1 Masculino;Treino & Academia;R$ 379,99 no Pix;R$ 399,99;5% off;4.6;
Camiseta Nike Sportswear M90 Masculina;Casual;R$ 208,99 no Pix;R$ 249,99;16% off;;
Jaqueta Nike Trail Gore-Tex Infinium™ Masculina;Corrida;R$ 873,99 no Pix;R$ 1.599,99;45% off;5.0;
Jaqueta Nike Sportswear Hino Corinthians Repel III Masculina;Futebol;R$ 493,99 no Pix;R$ 799,99;38% off;4.0;
Camiseta Nike Dri-FIT Masculina;Corrida;R$ 151,99 no Pix;R$ 199,99;24% off;4.8;
Camiseta Nike Dri-FIT Masculina;Corrida;R$ 151,99 no Pix;R$ 199,99;24% off;4.8;
Blusão Nike Brooklyn Nets City Edition Masculino;Basquete;R$ 512,99 no Pix;R$ 699,99;27% off;;
Camiseta Patch Air Max Masculina;Casual;R$ 284,99 no Pix;R$ 299,99;5% off;;
Camiseta Patch Air Max Masculina;Casual;R$ 284,99 no Pix;R$ 299,99;5% off;;
Blusão Jordan Dri-FIT Sport BC Masculino;Casual;R$ 427,49 no Pix;R$ 449,99;5% off;5.0;
Camiseta Nike Boston Celtics Next Nature Masculina;Basquete;R$ 170,99 no Pix;R$ 229,99;26% off;5.0;
Regata Nike Dri-FIT ADV AeroSwift Masculina;Corrida;R$ 322,99 no Pix;R$ 499,99;35% off;4.8;
Regata Nike Dri-FIT ADV AeroSwift Masculina;Corrida;R$ 284,99 no Pix;R$ 499,99;43% off;4.8;
Regata Nike Dri-FIT ADV AeroSwift Masculina;Corrida;R$ 360,99 no Pix;R$ 499,99;28% off;4.8;
Jaqueta Nike Brasil Masculina;Futebol;R$ 617,49 no Pix;R$ 899,99;31% off;;
Camiseta Nike SB Estados Unidos Masculino;Casual;R$ 237,49 no Pix;R$ 249,99;5% off;;
Jaqueta Nike Club Masculina;Casual;R$ 446,49 no Pix;R$ 749,99;40% off;;
Jaqueta Nike Club Masculina;Casual;R$ 645,99 no Pix;R$ 749,99;14% off;;
Jaqueta Jordan Chicago Jayson Tatum Masculina;Basquete;R$ 664,99 no Pix;R$ 699,99;5% off;;
Camiseta Nike Max90 Masculina;Basquete;R$ 161,49 no Pix;R$ 299,99;46% off;;
Blusão Nike Club Crew Masculino;Casual;R$ 427,49 no Pix;R$ 449,99;5% off;;
Camiseta Nike Dri-FIT Ja Morant Masculina;Basquete;R$ 189,99 no Pix;R$ 279,99;32% off;;
Camiseta Nike Dri-FIT Ja Morant Masculina;Basquete;R$ 161,49 no Pix;R$ 279,99;42% off;;
Blusão Nike Sportswear Corinthians Masculino;Futebol;R$ 474,99 no Pix;R$ 499,99;5% off;;
Blusão Nike Sportswear Club Fleece Masculino;Casual;R$ 379,99 no Pix;R$ 399,99;5% off;4.7;
Shorts Nike Yoga Therma-FIT Masculino;Yoga;R$ 208,99 no Pix;R$ 279,99;25% off;5.0;
Jaqueta Nike Barcelona Hino Masculino;Futebol;R$ 474,99 no Pix;R$ 699,99;32% off;;
Camiseta Nike Sportswear Masculina;Casual;R$ 170,99 no Pix;R$ 179,99;5% off;;
Camiseta Nike Sportswear Masculina;Casual;R$ 170,99 no Pix;R$ 179,99;5% off;;
Camiseta Nike Sportswear Masculina;Casual;R$ 218,49 no Pix;R$ 229,99;5% off;5.0;
Camiseta Nike Sportswear Masculina;Casual;R$ 170,99 no Pix;R$ 229,99;26% off;5.0;
Camiseta Nike Sportswear Masculina;Casual;R$ 189,99 no Pix;R$ 229,99;17% off;5.0;
Camiseta Nike Sportswear Masculina;Casual;R$ 218,49 no Pix;R$ 229,99;5% off;5.0;
Shorts Nike Court Dri-FIT Victory Masculino;Para Jogar Tênis;R$ 227,99 no Pix;R$ 299,99;24% off;;
Shorts Nike Court Dri-FIT Victory Masculino;Para Jogar Tênis;R$ 227,99 no Pix;R$ 299,99;24% off;;
Camiseta Nike Barcelona Strike Masculina;Futebol;R$ 389,49 no Pix;R$ 449,99;13% off;;
Camiseta Nike Dri-FIT Masculina;Corrida;R$ 123,49 no Pix;R$ 199,99;38% off;5.0;
Camiseta Nike Dri-FIT Masculina;Corrida;R$ 151,99 no Pix;R$ 199,99;24% off;5.0;
Camiseta Nike Dri-FIT Masculina;Corrida;R$ 123,49 no Pix;R$ 199,99;38% off;5.0;
Blusão NikeCourt Fleece Heritage Masculino;Para Jogar Tênis;R$ 474,99 no Pix;R$ 599,99;21% off;;
Camisa Nike França I 2024/25 Jogador Masculina;Futebol;R$ 664,99 no Pix;R$ 699,99;5% off;;
Camiseta Nike NIKEU Masculina;Basquete;R$ 123,49 no Pix;R$ 279,99;56% off;;
Shorts Nike Liverpool III 2023/24 Torcedor Pro Masculino;Futebol;R$ 227,99 no Pix;R$ 349,99;35% off;;
Blusão Nike SB Fleece Unissex;Skateboarding;R$ 427,49 no Pix;R$ 649,99;34% off;5.0;
Shorts Nike Dri-FIT Swoosh 7UL Masculino;Treino & Academia;R$ 332,49 no Pix;R$ 349,99;5% off;;
Camisa Nike Barcelona III 2023/24 Torcedor Pro Masculina;Futebol;R$ 332,49 no Pix;R$ 399,99;17% off;;
Camiseta Nike Dri-FIT Masculina;Corrida;R$ 170,99 no Pix;R$ 199,99;15% off;;
Camiseta Nike Dri-FIT Masculina;Corrida;R$ 170,99 no Pix;R$ 199,99;15% off;;
Shorts NikeCourt Dri-FIT ADV Masculino;Para Jogar Tênis;R$ 275,49 no Pix;R$ 499,99;45% off;4.0;
Jaqueta Jordan Dri-FIT Sport Fleece Masculina;Basquete / Casual;R$ 484,49 no Pix;R$ 599,99;19% off;5.0;
Camiseta Nike SB City of Love Unissex;Casual / Skateboarding;R$ 265,99 no Pix;R$ 279,99;5% off;5.0;
Camiseta Nike SB City of Love Unissex;Casual / Skateboarding;R$ 189,99 no Pix;R$ 279,99;32% off;5.0;
Camiseta Nike Dri-FIT F.C. Brasil Masculina;Futebol;R$ 256,49 no Pix;R$ 449,99;43% off;;
Personalize;Camisa Nike Corinthians I 2024/25 Jogador Masculina;Futebol;R$ 664,99 no Pix;R$ 699,99;5% off;3.7
Sunga Nike Outline Swoosh Masculina;Natação & Praia;R$ 142,49 no Pix;R$ 149,99;5% off;3.4;
Sunga Nike Outline Swoosh Masculina;Natação & Praia;R$ 142,49 no Pix;R$ 149,99;5% off;3.4;
Blusão Nike Estados Unidos Masculino;Futebol;R$ 379,99 no Pix;R$ 549,99;31% off;;
Jaqueta Nike Sportswear Woven Masculina;Casual;R$ 579,49 no Pix;R$ 849,99;32% off;5.0;
Camisa Nike França II 2024/25 Torcedor Pro Masculina;Futebol;R$ 379,99 no Pix;R$ 399,99;5% off;5.0;
Camiseta Nike Barcelona Strike Masculina;Futebol;R$ 265,99 no Pix;R$ 329,99;19% off;;
Camiseta Nike Dri-FIT Masculina;Corrida;R$ 151,99 no Pix;R$ 199,99;24% off;4.8;
Camiseta Nike Dri-FIT Masculina;Corrida;R$ 151,99 no Pix;R$ 199,99;24% off;4.8;
Camisa Nike Inglaterra II 2024/25 Torcedor Pro Masculina;Futebol;R$ 379,99 no Pix;R$ 399,99;5% off;4.5;
Camisa Nike Tottenham I 2023/24 Torcedor Pro Masculina;Futebol;R$ 237,49 no Pix;R$ 399,99;41% off;5.0;
Camiseta Nike Sportswear M90 Masculina;Casual;R$ 208,99 no Pix;R$ 249,99;16% off;;
Camisa Nike França II 2023/24 Torcedor Pro Masculina;Futebol;R$ 379,99 no Pix;R$ 399,99;5% off;;
Camiseta Nike Sportswear Air Unissex;Casual;R$ 265,99 no Pix;R$ 279,99;5% off;;
Jaqueta Nike Dri-FIT ACD Masculina;Futebol;R$ 351,49 no Pix;R$ 399,99;12% off;;
Camiseta Nike Liverpool Dri-FIT Academy Pro Masculina;Futebol;R$ 332,49 no Pix;R$ 349,99;5% off;;
Calça Jordan Sport Woven Masculina;Casual;R$ 322,99 no Pix;R$ 399,99;19% off;3.0;
Camiseta Nike Paris Saint-Germain Crest Masculina;Futebol;R$ 113,99 no Pix;R$ 199,99;43% off;5.0;
Camiseta NikeCourt Dri-FIT ADV Slam Masculina;Para Jogar Tênis;R$ 455,99 no Pix;R$ 599,99;24% off;5.0;
Camiseta Nike Dri-FIT Masculina;Treino & Academia;R$ 151,99 no Pix;R$ 249,99;39% off;5.0;
Camiseta NikeCourt Dri-FIT Masculina;Para Jogar Tênis;R$ 104,49 no Pix;R$ 229,99;55% off;4.3;
Shorts Nike Team 31 Standard Issue Masculino;Basquete;R$ 265,99 no Pix;R$ 399,99;34% off;4.8;
Camiseta Nike Giannis Masculina;Basquete;R$ 180,49 no Pix;R$ 279,99;36% off;;
Camiseta Nike Sportswear Max90 Masculina;Casual;R$ 265,99 no Pix;R$ 279,99;5% off;;
Jaqueta Nike Club Masculina;Casual;R$ 446,49 no Pix;R$ 749,99;40% off;;
Jaqueta Nike Club Masculina;Casual;R$ 645,99 no Pix;R$ 749,99;14% off;;
Camisa Nike Barcelona IV 2023/24 Torcedor Pro Masculina;Futebol;R$ 322,99 no Pix;R$ 399,99;19% off;;
Blusão Nike Club Crew Masculino;Casual;R$ 427,49 no Pix;R$ 449,99;5% off;;
Camiseta Nike Dri-FIT Masculina;Corrida;R$ 123,49 no Pix;R$ 199,99;38% off;5.0;
Camiseta Nike Dri-FIT Masculina;Corrida;R$ 189,99 no Pix;R$ 199,99;5% off;5.0;
Camiseta Nike Dri-FIT Masculina;Corrida;R$ 151,99 no Pix;R$ 199,99;24% off;5.0;
Camiseta Nike Dri-FIT Masculina;Corrida;R$ 123,49 no Pix;R$ 199,99;38% off;5.0;
Camiseta Nike Dri-FIT Masculina;Corrida;R$ 161,49 no Pix;R$ 199,99;19% off;5.0;
Camiseta Nike PSG Number 10 Masculina;Futebol;R$ 189,99 no Pix;R$ 199,99;5% off;;
Regata Nike Miami Heat Icon Edition 2022/23 Masculina;Basquete;R$ 408,49 no Pix;R$ 699,99;42% off;5.0;
Calça Nike Dri-FIT Cargo Unissex;Casual;R$ 569,99 no Pix;R$ 599,99;5% off;;
Shorts Nike Dri-FIT ADV Aeroswift Masculino;Corrida;R$ 351,49 no Pix;R$ 499,99;30% off;5.0;
Camiseta Nike Sportswear Masculina;Casual;R$ 218,49 no Pix;R$ 229,99;5% off;5.0;
Camiseta Nike Sportswear Masculina;Casual;R$ 170,99 no Pix;R$ 229,99;26% off;5.0;
Camiseta Nike Sportswear Masculina;Casual;R$ 189,99 no Pix;R$ 229,99;17% off;5.0;
Camiseta Nike Sportswear Masculina;Casual;R$ 218,49 no Pix;R$ 229,99;5% off;5.0;
Regata Nike Dri-FIT ADV Masculina;Corrida;R$ 569,99 no Pix;R$ 599,99;5% off;;
Camiseta Nike Sportswear Connect Masculina;Casual;R$ 218,49 no Pix;R$ 229,99;5% off;5.0;
Camiseta Nike Barcelona Strike Masculina;Futebol;R$ 389,49 no Pix;R$ 449,99;13% off;;
Camiseta Nike Sportswear Masculina;Casual;R$ 170,99 no Pix;R$ 179,99;5% off;;
Camiseta Nike Sportswear Masculina;Casual;R$ 170,99 no Pix;R$ 179,99;5% off;;
Camiseta Nike Sportswear Masculina;Casual;R$ 170,99 no Pix;R$ 179,99;5% off;;
Shorts Nike Court Dri-FIT Victory Masculino;Para Jogar Tênis;R$ 227,99 no Pix;R$ 299,99;24% off;;
Shorts Nike Court Dri-FIT Victory Masculino;Para Jogar Tênis;R$ 227,99 no Pix;R$ 299,99;24% off;;
Camiseta Nike Dri-FIT Founder Masculina;Corrida;R$ 151,99 no Pix;R$ 199,99;24% off;;
Camisa Polo Nike Club Masculina;Casual;R$ 199,49 no Pix;R$ 399,99;50% off;;
Camiseta Nike Sportwwear Max90 Masculina;Casual;R$ 237,49 no Pix;R$ 249,99;5% off;5.0;
Camiseta Nike Sportwwear Max90 Masculina;Casual;R$ 237,49 no Pix;R$ 249,99;5% off;5.0;
Shorts Nike Dri-FIT Strike Masculino;Futebol;R$ 227,99 no Pix;R$ 279,99;19% off;;
Blusão Nike Club Masculino;Casual;R$ 284,99 no Pix;R$ 499,99;43% off;5.0;
Camiseta Nike ACG Masculina;Casual;R$ 113,99 no Pix;R$ 279,99;59% off;5.0;
Camiseta Manga Longa Nike Corinthians Treino 2024 Strike Masculina;Futebol;R$ 427,49 no Pix;R$ 549,99;22% off;5.0;
Camiseta Manga Longa Nike Corinthians Treino 2024 Strike Masculina;Futebol;R$ 427,49 no Pix;R$ 549,99;22% off;5.0;
Shorts Nike Club Alumni Masculino;Casual;R$ 379,99 no Pix;R$ 399,99;5% off;5.0;
Shorts Nike Club French Terry Masculino;Casual;R$ 360,99 no Pix;R$ 449,99;20% off;;
Personalize;Camisa Nike Corinthians I 2024/25 Torcedor Pro Masculina;Futebol;R$ 332,49 no Pix;R$ 349,99;5% off;4.8
Camiseta Nike Sportswear M90 Masculina;Casual;R$ 265,99 no Pix;R$ 279,99;5% off;;
Camisa Nike Liverpool x Lebron James I 2024/25 Torcedor Pro Masculina;Futebol;R$ 379,99 no Pix;R$ 399,99;5% off;;
Camiseta Nike Los Angeles Lakers Masculina;Basquete;R$ 227,99 no Pix;R$ 279,99;19% off;5.0;
Calça Nike Trail Dri-FIT Masculina;Corrida;R$ 398,99 no Pix;R$ 699,99;43% off;5.0;
Nike Air Zoom Spiridon Cage 2;Casual;R$ 1.299,99;Disponível em SNKRS;;;
Camiseta Jordan Sneaker Masculina;Casual;R$ 189,99 no Pix;R$ 299,99;37% off;5.0;
Camiseta Jordan Sneaker Masculina;Casual;R$ 284,99 no Pix;R$ 299,99;5% off;5.0;
Camiseta Nike Dri-FIT Ja Morant Masculina;Basquete;R$ 161,49 no Pix;R$ 279,99;42% off;;
Camiseta Nike Dri-FIT Run Division Masculina;Corrida;R$ 142,49 no Pix;R$ 199,99;29% off;5.0;
Blusão Nike Sportswear Club Masculino;Casual;R$ 332,49 no Pix;R$ 349,99;5% off;4.8;
Blusão Nike Sportswear Club Masculino;Casual;R$ 332,49 no Pix;R$ 349,99;5% off;4.8;
Camiseta Nike PSG IV Academy Pro Masculina;Futebol;R$ 360,99 no Pix;R$ 399,99;10% off;;
Camiseta Nike França Lights Masculina;Futebol;R$ 151,99 no Pix;R$ 199,99;24% off;;
Camiseta Nike Sportswear Masculina;Casual;R$ 113,99 no Pix;R$ 219,99;48% off;4.0;
Camiseta Nike Sportswear KC1 Infantil;Pré-Adolescentes / Casual;R$ 189,99 no Pix;R$ 199,99;5% off;;
Camiseta Nike Sportswear KC1 Infantil;Pré-Adolescentes / Casual;R$ 151,99 no Pix;R$ 199,99;24% off;;
Camiseta Patch Air Max Masculina;Casual;R$ 284,99 no Pix;R$ 299,99;5% off;;
Camiseta Patch Air Max Masculina;Casual;R$ 284,99 no Pix;R$ 299,99;5% off;;
Camisa de Goleiro Nike Corinthians 2024/25 Torcedor Pro Masculina;Futebol;R$ 332,49 no Pix;R$ 349,99;5% off;5.0;
Camisa de Goleiro Nike Corinthians 2024/25 Torcedor Pro Masculina;Futebol;R$ 332,49 no Pix;R$ 349,99;5% off;5.0;
Jaqueta Nike Club Masculina;Casual;R$ 645,99 no Pix;R$ 749,99;14% off;;
Polo Nike Court Dri-FIT ADV Slam Masculina;Para Jogar Tênis;R$ 322,99 no Pix;R$ 649,99;50% off;5.0;
Camisa Nike Barcelona IV 2023/24 Torcedor Pro Masculina;Futebol;R$ 322,99 no Pix;R$ 399,99;19% off;;
Blusão Nike Club Crew Masculino;Casual;R$ 427,49 no Pix;R$ 449,99;5% off;;
Calça Nike Sportswear Corinthians Jogger Masculina;Futebol;R$ 284,99 no Pix;R$ 449,99;37% off;5.0;
Shorts Nike Phoenix Suns Masculino;Basquete;R$ 170,99 no Pix;R$ 299,99;43% off;3.7;
Camiseta Nike Brasil Pré-Jogo Masculina;Futebol;R$ 332,49 no Pix;R$ 399,99;17% off;;
Camiseta Nike Gym Summit Masculina;Treino & Academia;R$ 170,99 no Pix;R$ 179,99;5% off;;
"Book 1 Leather ""Halloween""";Casual;R$ 1.199,99;Disponível em SNKRS;;;
Camiseta Nike Dri-FIT Rise 365 Masculina;Corrida;R$ 284,99 no Pix;R$ 379,99;25% off;;
Camiseta Nike Dri-FIT Run Masculina;Corrida;R$ 161,49 no Pix;R$ 229,99;30% off;5.0;
Camiseta Nike Dri-FIT Run Masculina;Corrida;R$ 104,49 no Pix;R$ 229,99;55% off;5.0;
Camiseta Nike Gym Club Masculina;Treino & Academia;R$ 142,49 no Pix;R$ 229,99;38% off;;
Camiseta Nike Gym Club Masculina;Treino & Academia;R$ 161,49 no Pix;R$ 229,99;30% off;;
Camiseta Nike Dri-FIT Masculina;Corrida;R$ 189,99 no Pix;R$ 229,99;17% off;5.0;
Camiseta Nike Barcelona Pré-Jogo III Masculina;Futebol;R$ 313,49 no Pix;R$ 399,99;22% off;;
Camiseta NikeCourt Heritage Masculina;Para Jogar Tênis;R$ 123,49 no Pix;R$ 279,99;56% off;5.0;
Agasalho Nike Sportswear Club Woven Masculino;Casual;R$ 522,49 no Pix;R$ 549,99;5% off;3.8;
Camiseta Nike Sportswear Max90 Masculina;Casual;R$ 151,99 no Pix;R$ 229,99;34% off;2.3;
Camiseta Nike Sportswear Max90 Masculina;Casual;R$ 170,99 no Pix;R$ 229,99;26% off;5.0;
Camiseta Nike Sportswear Max90 Masculina;Casual;R$ 170,99 no Pix;R$ 229,99;26% off;5.0;
Legging Nike Pro Dri-FIT Masculina;Treino & Academia;R$ 189,99 no Pix;R$ 249,99;24% off;4.4;
Jaqueta Nike Barcelona Academy Pro III Masculina;Futebol;R$ 408,49 no Pix;R$ 599,99;32% off;;
Camisa Nike Liverpool I 2024/25 Torcedor Pro Masculina;Futebol;R$ 208,99 no Pix;R$ 399,99;48% off;5.0;
Shorts Nike Icon Dri-FIT Masculino;Basquete;R$ 123,49 no Pix;R$ 229,99;46% off;2.4;
Camiseta Jordan Jumpman Masculina;Casual;R$ 123,49 no Pix;R$ 199,99;38% off;4.6;
Camiseta Jordan Jumpman Masculina;Casual;R$ 104,49 no Pix;R$ 199,99;48% off;4.6;
Camiseta Nike Sportswear Masculina;Casual;R$ 113,99 no Pix;R$ 249,99;54% off;4.4;
Shorts Nike Dri-FIT Park 3 Masculino;Futebol;R$ 75,99 no Pix;R$ 99,99;24% off;3.8;
Shorts Nike Dri-FIT Park 3 Masculino;Futebol;R$ 75,99 no Pix;R$ 99,99;24% off;3.8;
Shorts Nike Dri-FIT Park 3 Masculino;Futebol;R$ 75,99 no Pix;R$ 99,99;24% off;3.8;
Dunk Low Retro;Casual;R$ 899,99;Disponível em SNKRS;;;
Camiseta Jordan Flight MVP Masculina;Casual;R$ 218,49 no Pix;R$ 229,99;5% off;3.7;
Blusão Nike Los Angeles Lakers Club Masculino;Basquete;R$ 284,99 no Pix;R$ 599,99;53% off;5.0;
Shorts Nike Court Dri-FIT Slam Masculino;Para Jogar Tênis;R$ 218,49 no Pix;R$ 499,99;56% off;;
Jaqueta Nike Repel Windrunner Masculina;Corrida;R$ 503,49 no Pix;R$ 799,99;37% off;1.0;
Jaqueta Nike Repel Windrunner Masculina;Corrida;R$ 759,99 no Pix;R$ 799,99;5% off;1.0;
Jaqueta Nike Repel Windrunner Masculina;Corrida;R$ 617,49 no Pix;R$ 799,99;23% off;1.0;
Camiseta Nike Golden State Warriors Masculina;Basquete;R$ 132,99 no Pix;R$ 229,99;42% off;5.0;
Blusão Nike Sportswear Club Fleece Masculino;Casual;R$ 427,49 no Pix;R$ 449,99;5% off;4.7;
Blusão Jordan Sport Fleece Masculino;Casual;R$ 427,49 no Pix;R$ 449,99;5% off;;
Blusão Nike Dri-FIT Magic Hour Masculino;Corrida;R$ 341,99 no Pix;R$ 599,99;43% off;;
Blusão Nike Dri-FIT Magic Hour Masculino;Corrida;R$ 332,49 no Pix;R$ 599,99;45% off;;
Blusão Nike Dri-FIT Magic Hour Masculino;Corrida;R$ 398,99 no Pix;R$ 599,99;34% off;;
Blusão Nike Dri-FIT Magic Hour Masculino;Corrida;R$ 256,49 no Pix;R$ 599,99;57% off;;
Blusão Nike Dri-FIT Magic Hour Masculino;Corrida;R$ 474,99 no Pix;R$ 599,99;21% off;;
Colete Nike Sportswear Club Puffer Masculino;Casual;R$ 807,49 no Pix;R$ 899,99;10% off;;
Personalize;Camisa Nike Brasil II 2024/25 Torcedor Pro Masculina;Futebol;R$ 332,49 no Pix;R$ 349,99;5% off;4.9
Camiseta Jordan Dri-FIT Sport Masculina;Casual;R$ 161,49 no Pix;R$ 249,99;35% off;4.1;
Camiseta Nike Dri-FIT Masculina;Basquete;R$ 189,99 no Pix;R$ 229,99;17% off;;
Camiseta Nike Element Masculina;Corrida;R$ 284,99 no Pix;R$ 299,99;5% off;4.3;
Shorts Nike NBA Milwaukee Bucks Masculino;Basquete;R$ 284,99 no Pix;R$ 399,99;29% off;;
Camiseta Nike Paris Saint-Germain Masculina;Futebol;R$ 151,99 no Pix;R$ 199,99;24% off;;
Camiseta Jordan Dri-FIT Sport Masculina;Casual;R$ 218,49 no Pix;R$ 229,99;5% off;4.6;
Camiseta Jordan Dri-FIT Sport Masculina;Casual;R$ 189,99 no Pix;R$ 229,99;17% off;4.6;
Camiseta Jordan Dri-FIT Sport Masculina;Casual;R$ 189,99 no Pix;R$ 229,99;17% off;4.6;
Camiseta Jordan Dri-FIT Sport Masculina;Casual;R$ 189,99 no Pix;R$ 229,99;17% off;4.6;
Meia Nike Classic 2 Unissex;Futebol;R$ 94,99 no Pix;R$ 119,99;21% off;4.8;
Meia Nike Classic 2 Unissex;Futebol;R$ 94,99 no Pix;R$ 119,99;21% off;4.8;
Meia Nike Classic 2 Unissex;Futebol;R$ 94,99 no Pix;R$ 119,99;21% off;4.8;
Meia Nike Classic 2 Unissex;Futebol;R$ 94,99 no Pix;R$ 119,99;21% off;4.8;
Meia Nike Classic 2 Unissex;Futebol;R$ 94,99 no Pix;R$ 119,99;21% off;4.8;
Meia Nike Classic 2 Unissex;Futebol;R$ 94,99 no Pix;R$ 119,99;21% off;4.8;
Camiseta Nike Dri-FIT Masculina;Basquete;R$ 142,49 no Pix;R$ 249,99;43% off;;
Camiseta Nike Dri-FIT Masculina;Basquete;R$ 170,99 no Pix;R$ 249,99;32% off;;
Meia Jordan Everyday Crew (3 Pares) Unissex;Basquete / Casual;R$ 151,99 no Pix;R$ 179,99;16% off;4.4;
Meia Jordan Everyday Crew (3 Pares) Unissex;Basquete / Casual;R$ 142,49 no Pix;R$ 179,99;21% off;4.4;
Camisa Polo Nike Sportswear Brasil Matchup Masculina;Futebol;R$ 227,99 no Pix;R$ 329,99;31% off;3.7;
Camiseta Nike Liverpool Academy Pro Masculina;Futebol;R$ 341,99 no Pix;R$ 399,99;15% off;5.0;
Camisa Polo Nike Club Masculina;Casual;R$ 332,49 no Pix;R$ 349,99;5% off;3.5;
Camisa Polo Nike Club Masculina;Casual;R$ 284,99 no Pix;R$ 349,99;19% off;3.5;
Nike Air Zoom Spiridon Cage 2;Casual;R$ 1.299,99;Disponível em SNKRS;;;
Nike x Nocta;Casual;R$ 617,49 no Pix;R$ 649,99;5% off;;
Blusão Jordan Brooklyn Fleece Masculino;Casual;R$ 474,99 no Pix;R$ 499,99;5% off;4.4;
Blusão Jordan Brooklyn Fleece Masculino;Casual;R$ 474,99 no Pix;R$ 499,99;5% off;4.4;
Nike x NOCTA;Casual;R$ 617,49 no Pix;R$ 649,99;5% off;;
Camiseta Nike Liverpool Masculina;Futebol;R$ 161,49 no Pix;R$ 329,99;51% off;3.5;
Shorts Nike Dri-FIT ADV Masculino;Treino & Academia;R$ 332,49 no Pix;R$ 449,99;26% off;;
Personalize;Camisa Nike Corinthians II 2023/24 Jogador Masculina;Futebol;R$ 389,49 no Pix;R$ 699,99;44% off;4.6
Camisa Nike Portugal I 2023/24 Torcedor Pro Masculina;Futebol;R$ 379,99 no Pix;R$ 399,99;5% off;5.0;
Jaqueta Nike Liverpool III Woven Revival Masculina;Futebol;R$ 512,99 no Pix;R$ 599,99;15% off;;
Camiseta Nike NBA San Antonio Spurs Masculina;Basquete;R$ 218,49 no Pix;R$ 229,99;5% off;;
Shorts Nike Run Energy Masculino;Corrida;R$ 265,99 no Pix;R$ 399,99;34% off;4.3;
Camiseta Nike Dri-FIT 3MO Masculina;Treino & Academia;R$ 161,49 no Pix;R$ 229,99;30% off;;
Camiseta Jordan Miami Heat Essential Masculina;Casual;R$ 142,49 no Pix;R$ 229,99;38% off;1.0;
Camiseta Nike NBA Los Angeles Lakers City Edition Masculina;Basquete;R$ 170,99 no Pix;R$ 229,99;26% off;;
Camiseta Nike NBA LeBron James Select Series Masculina;Basquete;R$ 161,49 no Pix;R$ 279,99;42% off;;
Shorts NikeCourt Dri-FIT Victory Masculino;Para Jogar Tênis;R$ 189,99 no Pix;R$ 279,99;32% off;4.4;
Camista Nike Corinthians Strike Masculina;Futebol;R$ 332,49 no Pix;R$ 399,99;17% off;;
Capa de Chuva Nike Corinthians 2024/25 Masculina;Futebol;R$ 854,99 no Pix;R$ 899,99;5% off;;
Shorts Nike Court Dri-FIT Slam Masculino;Para Jogar Tênis;R$ 294,49 no Pix;R$ 549,99;46% off;1.0;
Shorts Nike Court Dri-FIT Slam Masculino;Para Jogar Tênis;R$ 389,49 no Pix;R$ 549,99;29% off;1.0;
Jaqueta Nike Dri-FIT Fleece Masculina;Treino & Academia;R$ 256,49 no Pix;R$ 499,99;49% off;;
Shorts Nike Pro Dri-FIT Flex Vent Max Masculino;Treino & Academia;R$ 218,49 no Pix;R$ 329,99;34% off;4.8;
Shorts Nike Wild Masculino;Natação & Praia;R$ 341,99 no Pix;R$ 359,99;5% off;4.0;
Camiseta Nike Dri-FIT Masculina;Treino & Academia;R$ 170,99 no Pix;R$ 249,99;32% off;3.0;
Camiseta Nike Dri-FIT Masculina;Treino & Academia;R$ 180,49 no Pix;R$ 249,99;28% off;3.0;
Camiseta Nike Dri-FIT Run Masculina;Corrida;R$ 180,49 no Pix;R$ 229,99;22% off;;
Camiseta Nike Dri-FIT Run Masculina;Corrida;R$ 123,49 no Pix;R$ 229,99;46% off;;
Meia Nike Everyday Plus (1 Par) Unissex;Treino & Academia;R$ 66,49 no Pix;R$ 119,99;45% off;5.0;
Camiseta Jordan Air Masculina;Casual;R$ 218,49 no Pix;R$ 229,99;5% off;4.7;
Camiseta Jordan Air Masculina;Casual;R$ 180,49 no Pix;R$ 229,99;22% off;4.7;
Camiseta Jordan Air Masculina;Casual;R$ 189,99 no Pix;R$ 229,99;17% off;4.7;
Shorts Nike Club Masculino;Casual;R$ 151,99 no Pix;R$ 279,99;46% off;5.0;
Shorts Nike Club Masculino;Casual;R$ 227,99 no Pix;R$ 279,99;19% off;5.0;
Shorts Nike Woven Cargo Masculino;Casual;R$ 474,99 no Pix;R$ 499,99;5% off;;
Jaqueta Nike Repel Miler Masculina;Corrida;R$ 389,49 no Pix;R$ 599,99;35% off;4.1;
Jaqueta Nike Repel Miler Masculina;Corrida;R$ 465,49 no Pix;R$ 599,99;22% off;4.1;
Jaqueta Nike Repel Miler Masculina;Corrida;R$ 512,99 no Pix;R$ 599,99;15% off;4.1;
Shorts Nike Challenger Masculino;Corrida;R$ 161,49 no Pix;R$ 229,99;30% off;4.5;
Shorts Nike Challenger Masculino;Corrida;R$ 151,99 no Pix;R$ 229,99;34% off;4.5;
Shorts Nike Challenger Masculino;Corrida;R$ 218,49 no Pix;R$ 229,99;5% off;4.5;
Camiseta NikeCourt Masculina;Para Jogar Tênis;R$ 218,49 no Pix;R$ 229,99;5% off;;
Shorts Nike Dri-FIT Masculino;Corrida;R$ 341,99 no Pix;R$ 399,99;15% off;4.9;
Shorts Nike Dri-FIT Masculino;Corrida;R$ 379,99 no Pix;R$ 399,99;5% off;4.9;
Camiseta Nike Sportswear Club Masculina;Casual;R$ 218,49 no Pix;R$ 229,99;5% off;;
Regata Nike Corinthians Treino 2024 Strike Masculina;Futebol;R$ 142,49 no Pix;R$ 279,99;49% off;5.0;
Blusão Nike Brooklin Fleece Masculino;Casual;R$ 427,49 no Pix;R$ 449,99;5% off;;
Blusão Nike Brooklin Fleece Masculino;Casual;R$ 427,49 no Pix;R$ 449,99;5% off;;
Blusão Nike Brooklin Fleece Masculino;Casual;R$ 427,49 no Pix;R$ 449,99;5% off;;
Luka 3 SE;Casual;R$ 1.199,99;Disponível em SNKRS;;;
Camiseta NikeCourt Dri-FIT Victory Masculina;Para Jogar Tênis;R$ 218,49 no Pix;R$ 249,99;13% off;3.8;
Shorts Nike Club Flow Masculino;Casual;R$ 332,49 no Pix;R$ 349,99;5% off;;
Shorts Nike Club Flow Masculino;Casual;R$ 332,49 no Pix;R$ 349,99;5% off;;
Shorts Nike Liverpool I 2023/24 Torcedor Pro Masculino;Futebol;R$ 189,99 no Pix;R$ 349,99;46% off;;
Camiseta Nike Max90 Liverpool Masculina;Futebol;R$ 208,99 no Pix;R$ 249,99;16% off;4.7;
Jaqueta Nike Brasil Club Masculina;Futebol;R$ 474,99 no Pix;R$ 599,99;21% off;;
Camiseta Nike Sportswear Essentials Masculina;Casual;R$ 170,99 no Pix;R$ 199,99;15% off;;
Jaqueta Nike Corinthians Hino Masculina;Futebol;R$ 313,49 no Pix;R$ 699,99;55% off;5.0;
Camiseta Nike Dri-FIT Flash Masculina;Treino & Academia;R$ 161,49 no Pix;R$ 199,99;19% off;5.0;
Camiseta Nike NBA Team 31 Masculina;Basquete;R$ 265,99 no Pix;R$ 279,99;5% off;1.0;
Calça Nike Sportswear Club Masculina;Casual;R$ 237,49 no Pix;R$ 399,99;41% off;4.8;
Calça Nike Dri-FIT Academy 23 Masculina;Futebol;R$ 218,49 no Pix;R$ 329,99;34% off;5.0;
Calça Nike Dri-FIT Academy 23 Masculina;Futebol;R$ 294,49 no Pix;R$ 329,99;11% off;5.0;
Camiseta NikeCourt Rafa Nadal Masculina;Para Jogar Tênis;R$ 208,99 no Pix;R$ 279,99;25% off;4.5;
Shorts Nike Brasil Club Masculino;Futebol;R$ 284,99 no Pix;R$ 449,99;37% off;;
Agasalho Nike Club Masculino;Casual;R$ 379,99 no Pix;R$ 649,99;42% off;4.4;
Shorts Nike Los Angeles Lakers Masculino;Basquete;R$ 199,49 no Pix;R$ 299,99;34% off;2.7;
Camiseta Nike NBA Team 31 Masculina;Basquete;R$ 265,99 no Pix;R$ 279,99;5% off;1.0;
Camiseta Nike Corinthians Crest Masculina;Futebol;R$ 123,49 no Pix;R$ 129,99;5% off;5.0;
Camiseta Nike Max90 Masculina;Basquete / Casual;R$ 189,99 no Pix;R$ 279,99;32% off;5.0;
Calça Nike Sportswear Club Fleece Masculina;Casual;R$ 275,49 no Pix;R$ 399,99;31% off;4.6;
Calça Nike Sportswear Club Fleece Masculina;Casual;R$ 227,99 no Pix;R$ 399,99;43% off;4.6;
Personalize;Camisa de Goleiro Nike Brasil 2024/25 Masculina;Futebol;R$ 332,49 no Pix;R$ 349,99;5% off;4.7
Shorts Nike Dri-FIT Masculino;Futebol;R$ 227,99 no Pix;R$ 329,99;31% off;;
Shorts Nike Dri-Fit ADV 7INN Masculino;Para Jogar Tênis;R$ 379,99 no Pix;R$ 399,99;5% off;;
Camisa Polo Nike Club Masculina;Casual;R$ 446,49 no Pix;R$ 549,99;19% off;5.0;
"Jaqueta Nike ACG Windproof ""Cinder Cone"" Masculina";Casual;R$ 626,99 no Pix;R$ 949,99;34% off;3.0;
Shorts Nike Sportswear Tech Fleece Masculino;Casual;R$ 522,49 no Pix;R$ 549,99;5% off;4.5;
Shorts Nike Sportswear Tech Fleece Masculino;Casual;R$ 446,49 no Pix;R$ 549,99;19% off;4.5;
Shorts Nike Sportswear Tech Fleece Masculino;Casual;R$ 446,49 no Pix;R$ 549,99;19% off;4.5;
Shorts Nike Club Flow Masculino;Casual;R$ 284,99 no Pix;R$ 299,99;5% off;4.8;
Shorts Nike Club Flow Masculino;Casual;R$ 284,99 no Pix;R$ 299,99;5% off;4.8;
Shorts Nike Club Flow Masculino;Casual;R$ 237,49 no Pix;R$ 299,99;21% off;4.8;
Shorts Nike Club Flow Masculino;Casual;R$ 161,49 no Pix;R$ 299,99;46% off;4.8;
Blusão Nike SB Essential Unissex;Skateboarding;R$ 294,49 no Pix;R$ 499,99;41% off;;
Blusão Nike SB Essential Unissex;Skateboarding;R$ 332,49 no Pix;R$ 499,99;34% off;;
Shorts Nike Dri-FIT Energy Masculino;Corrida;R$ 379,99 no Pix;R$ 399,99;5% off;;
Blusão Nike Park 20 Masculino;Futebol;R$ 332,49 no Pix;R$ 349,99;5% off;4.7;
Camisa Nike Paris Saint-Germain I 2023/24 Torcedor Pro Masculina;Futebol;R$ 189,99 no Pix;R$ 399,99;53% off;4.4;
Camisa Nike Chelsea I 2023/24 Torcedor Pro Masculina;Futebol;R$ 379,99 no Pix;R$ 399,99;5% off;4.7;
Shorts Nike Dri-FIT Totality Masculino;Treino & Academia;R$ 208,99 no Pix;R$ 249,99;16% off;5.0;
Regata Nike Dri-FIT Icon Masculina;Basquete;R$ 170,99 no Pix;R$ 229,99;26% off;3.8;
Camiseta Nike Corinthians Swoosh Masculina;Futebol;R$ 218,49 no Pix;R$ 229,99;5% off;;
Shorts Nike Dri-FIT ADV Rafa Nadal Masculino;Para Jogar Tênis;R$ 389,49 no Pix;R$ 549,99;29% off;5.0;
Shorts Nike Dri-FIT ADV Rafa Nadal Masculino;Para Jogar Tênis;R$ 417,99 no Pix;R$ 549,99;24% off;5.0;
Shorts Nike Dri-FIT ADV Rafa Nadal Masculino;Para Jogar Tênis;R$ 417,99 no Pix;R$ 549,99;24% off;5.0;
Jaqueta Nike Barcelona Academy Pro Hino Masculina;Futebol;R$ 550,99 no Pix;R$ 699,99;21% off;;
Regata Nike All Star Weekend Giannis Masculina;Basquete;R$ 370,49 no Pix;R$ 649,99;43% off;5.0;
Regata Nike NBA LeBron James Los Angeles Lakers 2024/25 Select Series Masculina;Basquete;R$ 598,49 no Pix;R$ 699,99;15% off;5.0;
Regata Nike Liverpool x LeBron James DNA Masculina;Futebol;R$ 303,99 no Pix;R$ 449,99;32% off;5.0;
Regata Nike NBA Kevin Durant Phoenix Suns Select Series 2024/25 Masculina;Basquete;R$ 503,49 no Pix;R$ 699,99;28% off;;
Camiseta Nike Dri-FIT OC 2 Masculina;Basquete;R$ 218,49 no Pix;R$ 229,99;5% off;;
Blusão Nike Barcelona FC Club Fleece Masculino;Futebol;R$ 275,49 no Pix;R$ 599,99;54% off;;
Camiseta Nike Dri-FIT Park 4 GK Masculina;Futebol;R$ 218,49 no Pix;R$ 229,99;5% off;4.2;
Camiseta Nike Dri-FIT Park 4 GK Masculina;Futebol;R$ 218,49 no Pix;R$ 229,99;5% off;4.2;
Shorts Nike Barcelona III 2023/24 Torcedor Pro Masculino;Futebol;R$ 113,99 no Pix;R$ 349,99;67% off;;
Camiseta Nike NBA Devin Booker Select Series Masculina;Basquete;R$ 208,99 no Pix;R$ 279,99;25% off;5.0;
Regata Nike Dri-FIT JA DNA Masculina;Basquete;R$ 303,99 no Pix;R$ 449,99;32% off;;
Camiseta Nike Liverpool x LeBron James MX90 Masculina;Futebol;R$ 237,49 no Pix;R$ 249,99;5% off;5.0;
Camiseta Jordan Essentials Masculina;Casual;R$ 379,99 no Pix;R$ 399,99;5% off;;
Camisa Nike Dri-Fit Uniformes;Futebol;R$ 75,99 no Pix;R$ 129,99;42% off;4.1;
Dunk Low;Casual;R$ 899,99;Disponível em SNKRS;;;
Camiseta Nike Liverpool Masculina;Futebol;R$ 142,49 no Pix;R$ 199,99;29% off;;
Camiseta Nike Liverpool Masculina;Futebol;R$ 142,49 no Pix;R$ 199,99;29% off;;
Meia Nike Everyday Plus (3 Pares) Unissex;Treino & Academia;R$ 142,49 no Pix;R$ 149,99;5% off;4.9;
Camiseta Jordan PSG Masculina;Casual;R$ 284,99 no Pix;R$ 299,99;5% off;;
Camiseta Nike Kevin Durant Masculina;Basquete;R$ 199,49 no Pix;R$ 279,99;29% off;5.0;
Personalize;Camisa Nike Corinthians III 2023/24 Jogador Masculina;Futebol;R$ 313,49 no Pix;R$ 699,99;55% off;5.0
Dunk Low SE;Casual;R$ 999,99;Disponível em SNKRS;;;
Camiseta Jordan Luka Masculina;Casual;R$ 151,99 no Pix;R$ 199,99;24% off;5.0;
Camiseta Air Jordan 85 Tokio Masculina;Casual;R$ 332,49 no Pix;R$ 349,99;5% off;;
Calça Jordan Woven Masculina;Casual;R$ 398,99 no Pix;R$ 599,99;34% off;;
Calça Jordan Brooklin Fleece Masculina;Casual;R$ 379,99 no Pix;R$ 399,99;5% off;;
Camiseta Jordan Crew 85 Masculina;Basquete;R$ 332,49 no Pix;R$ 399,99;17% off;;
Calça Jordan Essentials Masculina;Casual;R$ 427,49 no Pix;R$ 449,99;5% off;5.0;
Calça Jordan Essentials Masculina;Casual;R$ 303,99 no Pix;R$ 449,99;32% off;5.0;
Camiseta Nike Essential Hydroguard Masculina;Natação & Praia;R$ 151,99 no Pix;R$ 159,99;5% off;3.0;
Camiseta Nike Essential Hydroguard Masculina;Natação & Praia;R$ 151,99 no Pix;R$ 159,99;5% off;3.0;
Camiseta Nike Court Dri-FIT Slam Masculina;Para Jogar Tênis;R$ 256,49 no Pix;R$ 549,99;53% off;;
Camiseta Nike Pro Dri-FIT Masculina;Treino & Academia;R$ 123,49 no Pix;R$ 199,99;38% off;5.0;
Camiseta Nike Pro Dri-FIT Masculina;Treino & Academia;R$ 123,49 no Pix;R$ 199,99;38% off;5.0;
Camiseta Nike Dri-FIT Rise 365 Masculina;Corrida;R$ 208,99 no Pix;R$ 329,99;37% off;;
Shorts Nike Brasil Limited Masculino;Basquete;R$ 189,99 no Pix;R$ 499,99;62% off;5.0;
Camisa Polo Nike Dri-FIT ADV Slam Masculina;Para Jogar Tênis;R$ 332,49 no Pix;R$ 599,99;45% off;5.0;
Camiseta Nike Dri-FIT Founder Masculina;Corrida;R$ 170,99 no Pix;R$ 199,99;15% off;;
Camiseta Nike Dri-FIT Founder Masculina;Corrida;R$ 151,99 no Pix;R$ 199,99;24% off;;
Camisa Polo Nike Club Masculina;Casual;R$ 199,49 no Pix;R$ 399,99;50% off;;
Camiseta Nike Sportswear Masculina;Casual;R$ 199,49 no Pix;R$ 229,99;13% off;1.0;
Camiseta Nike Sportswear Masculina;Casual;R$ 189,99 no Pix;R$ 229,99;17% off;1.0;
Shorts Nike NBA Milwaukee Bucks Masculino;Basquete;R$ 284,99 no Pix;R$ 399,99;29% off;;
Shorts Nike Brasil Estampado Masculino;Futebol;R$ 142,49 no Pix;R$ 279,99;49% off;;
Camiseta Nike Dri-FIT Element Masculina;Corrida;R$ 246,99 no Pix;R$ 449,99;45% off;5.0;
Camiseta Nike Dri-FIT Element Masculina;Corrida;R$ 284,99 no Pix;R$ 449,99;37% off;5.0;
Camiseta Nike Dri-FIT Trail Energy Masculina;Corrida;R$ 170,99 no Pix;R$ 179,99;5% off;;
Camiseta Nike Dri-FIT Trail Energy Masculina;Corrida;R$ 170,99 no Pix;R$ 179,99;5% off;;
Camiseta Nike ACG Masculina;Casual;R$ 113,99 no Pix;R$ 279,99;59% off;5.0;
Calça Jordan Chicago Jayson Tatum Masculina;Basquete;R$ 664,99 no Pix;R$ 699,99;5% off;;
Shorts Nike Dri-FIT Strike Masculino;Futebol;R$ 227,99 no Pix;R$ 279,99;19% off;;
Camiseta Jordan Flight MVP Masculina;Casual;R$ 218,49 no Pix;R$ 229,99;5% off;3.7;
Blusão Nike Club Masculino;Casual;R$ 284,99 no Pix;R$ 499,99;43% off;5.0;
Camiseta Nike Golden State Warriors Masculina;Casual;R$ 142,49 no Pix;R$ 229,99;38% off;5.0;
Camiseta Nike Pro Masculina;Treino & Academia;R$ 123,49 no Pix;R$ 249,99;51% off;4.2;
Camiseta Nike Brasil Masculina;Basquete;R$ 142,49 no Pix;R$ 199,99;29% off;;
Camiseta Nike Brasil Masculina;Basquete;R$ 189,99 no Pix;R$ 199,99;5% off;;
Shorts Nike Yoga Therma-FIT Masculino;Yoga;R$ 208,99 no Pix;R$ 279,99;25% off;5.0;
Shorts Nike Form Dri-FIT Masculino;Treino & Academia;R$ 151,99 no Pix;R$ 299,99;49% off;4.0;
Shorts Nike Dri-FIT Unlimited Masculino;Treino & Academia;R$ 237,49 no Pix;R$ 379,99;38% off;4.8;
Shorts Nike Dri-FIT Unlimited Masculino;Treino & Academia;R$ 246,99 no Pix;R$ 379,99;35% off;4.8;
SB Dunk Low Pro;Casual;R$ 999,99;Disponível em SNKRS;;;
Jaqueta Nike Run Energy Windrunner Masculina;Corrida;R$ 607,99 no Pix;R$ 799,99;24% off;5.0;
Camiseta Nike Fri-FIT GFX Masculina;Treino & Academia;R$ 170,99 no Pix;R$ 179,99;5% off;;
Camiseta Nike Fri-FIT GFX Masculina;Treino & Academia;R$ 170,99 no Pix;R$ 179,99;5% off;;
Jaqueta Nike Barcelona Hino Masculino;Futebol;R$ 474,99 no Pix;R$ 699,99;32% off;;
Jaqueta Jordan Chicago Jayson Tatum Masculina;Basquete;R$ 664,99 no Pix;R$ 699,99;5% off;;
Camiseta Nike Dri-FIT Ja Morant Masculina;Basquete;R$ 161,49 no Pix;R$ 279,99;42% off;;
Camiseta Nike Max90 Masculina;Basquete;R$ 161,49 no Pix;R$ 299,99;46% off;;
Shorts Nike Dri-FIT 7IN Masculino;Treino & Academia;R$ 284,99 no Pix;R$ 299,99;5% off;;
Jaqueta Nike Dri-FIT Fleece Masculina;Treino & Academia;R$ 256,49 no Pix;R$ 499,99;49% off;;
Jaqueta Nike França Hino Academy Pro Masculina;Futebol;R$ 284,99 no Pix;R$ 699,99;59% off;5.0;
Jaqueta Nike Brasil Academy Pro Masculina;Futebol;R$ 512,99 no Pix;R$ 599,99;15% off;5.0;
Camiseta Nike Sportswear Club Masculina;Casual;R$ 218,49 no Pix;R$ 229,99;5% off;;
Camiseta Nike Sportswear Club Masculina;Casual;R$ 218,49 no Pix;R$ 229,99;5% off;;
Camiseta Nike Sportswear Club Masculina;Casual;R$ 218,49 no Pix;R$ 229,99;5% off;;
Camiseta Nike Track Club Masculina;Corrida;R$ 189,99 no Pix;R$ 229,99;17% off;;
Shorts Nike ACG Masculino;Casual;R$ 427,49 no Pix;R$ 449,99;5% off;;
Camiseta Nike Sportswear JDI Masculina;Casual;R$ 104,49 no Pix;R$ 129,99;20% off;4.7;
Camiseta Nike Sportswear JDI Masculina;Casual;R$ 104,49 no Pix;R$ 129,99;20% off;4.7;
Camiseta Nike Dri-FIT Strike Masculina;Futebol;R$ 180,49 no Pix;R$ 249,99;28% off;;
Personalize;Camisa de Goleiro Nike Brasil 2024/25 Masculina;Futebol;R$ 332,49 no Pix;R$ 349,99;5% off;4.7
Camiseta Nike Max90 Masculina;Basquete / Casual;R$ 189,99 no Pix;R$ 279,99;32% off;5.0;
Camiseta Nike Max90 Masculina;Basquete / Casual;R$ 208,99 no Pix;R$ 279,99;25% off;5.0;
Jordan Spizike Low;Casual;R$ 1.299,99;Disponível em SNKRS;;;
Sunga Nike Mantra Camo Brief Masculina;Natação & Praia;R$ 142,49 no Pix;R$ 149,99;5% off;5.0;
Blusão Jordan Essential Fleece Masculino;Casual;R$ 332,49 no Pix;R$ 449,99;26% off;4.8;
Blusão Jordan Essential Fleece Masculino;Casual;R$ 360,99 no Pix;R$ 449,99;20% off;4.8;
Camiseta Nike Photo Masculina;Basquete;R$ 151,99 no Pix;R$ 229,99;34% off;4.5;
Camiseta Nike Sportswear Max90 Unissex;Casual;R$ 265,99 no Pix;R$ 279,99;5% off;;
Camiseta Nike Sportswear Essentials Masculina;Casual;R$ 170,99 no Pix;R$ 199,99;15% off;;
Camiseta Nike Sportswear Essentials Masculina;Casual;R$ 123,49 no Pix;R$ 199,99;38% off;;
Blusão Nike Brooklin Fleece Masculino;Casual;R$ 427,49 no Pix;R$ 449,99;5% off;;
Blusão Nike Brooklin Fleece Masculino;Casual;R$ 427,49 no Pix;R$ 449,99;5% off;;
Camiseta Nike Giannis Masculina;Basquete;R$ 199,49 no Pix;R$ 279,99;29% off;;
Camiseta NikeCourt Rafa Nadal Masculina;Para Jogar Tênis;R$ 151,99 no Pix;R$ 279,99;46% off;4.5;
Camiseta NikeCourt Rafa Nadal Masculina;Para Jogar Tênis;R$ 208,99 no Pix;R$ 279,99;25% off;4.5;
Camiseta Manga Longa Nike Brasil Dri-FIT Academy Pro Masculina;Futebol;R$ 237,49 no Pix;R$ 379,99;38% off;4.0;
Shorts Nike Brasil Club Masculino;Futebol;R$ 284,99 no Pix;R$ 449,99;37% off;;
Camiseta Nike Dri-FIT Masculina;Basquete;R$ 189,99 no Pix;R$ 229,99;17% off;;
Camiseta Nike SB Japão Masculino;Casual;R$ 237,49 no Pix;R$ 249,99;5% off;5.0;
Camiseta Nike Dri-FIT Anime Masculina;Treino & Academia;R$ 142,49 no Pix;R$ 149,99;5% off;;
Camiseta Nike Dri-FIT Anime Masculina;Treino & Academia;R$ 142,49 no Pix;R$ 149,99;5% off;;
Camiseta Nike Dri-FIT Swoosh Masculina;Treino & Academia;R$ 123,49 no Pix;R$ 199,99;38% off;;
Camiseta Nike Dri-FIT Swoosh Masculina;Treino & Academia;R$ 142,49 no Pix;R$ 199,99;29% off;;
Camiseta Nike Dri-FIT ADV Rafa Nadal Masculina;Para Jogar Tênis;R$ 493,99 no Pix;R$ 649,99;24% off;5.0;
Camiseta Nike Dri-FIT ADV Rafa Nadal Masculina;Para Jogar Tênis;R$ 398,99 no Pix;R$ 649,99;39% off;5.0;
Camiseta Nike Paris Saint-Germain Just Do It Masculina;Futebol;R$ 132,99 no Pix;R$ 249,99;47% off;5.0;
Shorts Nike Dry Masculino;Treino & Academia;R$ 341,99 no Pix;R$ 399,99;15% off;;
Blusão Nike Barcelona FC Club Fleece Masculino;Futebol;R$ 275,49 no Pix;R$ 599,99;54% off;;
Camiseta Nike Dri-FIT OC 2 Masculina;Basquete;R$ 218,49 no Pix;R$ 229,99;5% off;;
Camiseta Nike Corinthians Max90 Masculina;Futebol;R$ 161,49 no Pix;R$ 299,99;46% off;3.0;
Regata Nike All Star Weekend Giannis Masculina;Basquete;R$ 370,49 no Pix;R$ 649,99;43% off;5.0;
Regata Nike Dri-FIT Swoosh Masculina;Basquete;R$ 569,99 no Pix;R$ 699,99;19% off;;
Regata Nike Liverpool x LeBron James DNA Masculina;Futebol;R$ 303,99 no Pix;R$ 449,99;32% off;5.0;
Regata Nike NBA LaMelo Ball Charlotte Hornets 2024/25 Select Series Masculina;Basquete;R$ 474,99 no Pix;R$ 699,99;32% off;;
Regata Nike NBA Ja Morant Memphis Grizzlies 2024/25 Select Series Masculina;Basquete;R$ 560,49 no Pix;R$ 699,99;20% off;;
Regata Nike NBA Giannis Antetokounmpo Milwaukee Bucks 2024/25 Select Series Masculina;Basquete;R$ 474,99 no Pix;R$ 699,99;32% off;;
Camisa Nike Atlético de Madrid II 2023/24 Torcedor Pro Masculina;Futebol;R$ 199,49 no Pix;R$ 399,99;50% off;;
"Calça Nike ACG ""Cinder Cone"" Masculina";Casual;R$ 303,99 no Pix;R$ 599,99;49% off;3.0;
Camiseta Nike Dri-FIT Park Masculina;Futebol;R$ 189,99 no Pix;R$ 199,99;5% off;3.3;
Regata Nike Dallas Mavericks Icon Edition 2022/23 Masculina;Basquete;R$ 455,99 no Pix;R$ 699,99;35% off;5.0;
Camiseta NikeCourt Dri-FIT Masculina;Para Jogar Tênis;R$ 123,49 no Pix;R$ 229,99;46% off;;
Camiseta NikeCourt Dri-FIT Masculina;Para Jogar Tênis;R$ 180,49 no Pix;R$ 229,99;22% off;;
Calça Nike Sportswear Club Masculina;Casual;R$ 284,99 no Pix;R$ 399,99;29% off;4.8;
Camiseta Nike Dri-FIT Element Masculina;Corrida;R$ 303,99 no Pix;R$ 349,99;13% off;5.0;
Regata Nike Corinthians Treino 2024 Strike Masculina;Futebol;R$ 142,49 no Pix;R$ 279,99;49% off;5.0;
Personalize;Camisa Nike Brasil II 2023/24 Torcedor Pro Masculina;Futebol;R$ 161,49 no Pix;R$ 349,99;54% off;4.3
Shorts Jordan Sport Woven Masculino;Casual;R$ 199,49 no Pix;R$ 249,99;20% off;4.6;
Camiseta Nike Running Track Club Masculina;Corrida;R$ 170,99 no Pix;R$ 229,99;26% off;5.0;
Camiseta Nike Court Dri-FIT Masculina;Para Jogar Tênis;R$ 104,49 no Pix;R$ 229,99;55% off;;
Jordan Spizike Low;Casual;R$ 1.299,99;Disponível em SNKRS;;;
Nike x MMW;Casual;R$ 845,49 no Pix;R$ 899,99;6% off;;
Camiseta Nike Sportswear Essentials Masculina;Casual;R$ 170,99 no Pix;R$ 199,99;15% off;;
Blusão Nike Brooklin Fleece Masculino;Casual;R$ 427,49 no Pix;R$ 449,99;5% off;;
Blusão Nike Brooklin Fleece Masculino;Casual;R$ 427,49 no Pix;R$ 449,99;5% off;;
Jaqueta Nike Corinthians Hino Masculina;Futebol;R$ 313,49 no Pix;R$ 699,99;55% off;5.0;
Sunga Nike Mantra Camo Brief Masculina;Natação & Praia;R$ 142,49 no Pix;R$ 149,99;5% off;5.0;
Calça Nike Dri-FIT Academy 23 Masculina;Futebol;R$ 218,49 no Pix;R$ 329,99;34% off;5.0;
Calça Nike Dri-FIT Academy 23 Masculina;Futebol;R$ 294,49 no Pix;R$ 329,99;11% off;5.0;
Camiseta Nike Sportswear Premium Essentials Masculina;Casual;R$ 237,49 no Pix;R$ 279,99;15% off;5.0;
Shorts Nike Life Camp Masculino;Casual;R$ 474,99 no Pix;R$ 499,99;5% off;;
Shorts Nike Life Camp Masculino;Casual;R$ 474,99 no Pix;R$ 499,99;5% off;;
Camiseta Nike Dri-FIT UV Miler Masculina;Corrida;R$ 161,49 no Pix;R$ 249,99;35% off;3.0;
Camiseta Nike Dri-FIT UV Miler Masculina;Corrida;R$ 151,99 no Pix;R$ 249,99;39% off;3.0;
Camiseta Nike Dri-FIT Gym Masculina;Treino & Academia;R$ 132,99 no Pix;R$ 199,99;34% off;;
Camiseta Nike Dri-FIT Gym Masculina;Treino & Academia;R$ 142,49 no Pix;R$ 199,99;29% off;;
Regata Nike Dri-FIT Masculina;Basquete;R$ 151,99 no Pix;R$ 199,99;24% off;2.7;
Regata Nike Dri-FIT Masculina;Basquete;R$ 123,49 no Pix;R$ 199,99;38% off;2.7;
Camiseta Nike Max90 Masculina;Basquete;R$ 170,99 no Pix;R$ 279,99;39% off;;
Camiseta Jordan NBA Denver Nuggets Essential Masculina;Basquete;R$ 123,49 no Pix;R$ 229,99;46% off;;
Moletom Nike Sherpa Masculina;Casual;R$ 446,49 no Pix;R$ 549,99;19% off;;
Moletom Nike Sherpa Masculina;Casual;R$ 446,49 no Pix;R$ 549,99;19% off;;
Camisa Polo Nike Slim Fit Masculina;Para Jogar Tênis;R$ 313,49 no Pix;R$ 499,99;37% off;5.0;
Camisa Nike França I 2024/25 Torcedor Pro Masculina;Futebol;R$ 379,99 no Pix;R$ 399,99;5% off;;
Agasalho Nike Dri-FIT Park 20 Masculino;Futebol;R$ 332,49 no Pix;R$ 449,99;26% off;4.6;
Jaqueta Nike Sportswear Windrunner Masculina;Casual;R$ 759,99 no Pix;R$ 799,99;5% off;4.8;
Camisa Nike Liverpool II 2024/25 Torcedor Pro Masculina;Futebol;R$ 237,49 no Pix;R$ 399,99;41% off;4.0;
Meia Nike Classic 2 Unissex;Futebol;R$ 94,99 no Pix;R$ 119,99;21% off;4.8;
Meia Nike Classic 2 Unissex;Futebol;R$ 94,99 no Pix;R$ 119,99;21% off;4.8;
Meia Nike Classic 2 Unissex;Futebol;R$ 94,99 no Pix;R$ 119,99;21% off;4.8;
Meia Nike Classic 2 Unissex;Futebol;R$ 94,99 no Pix;R$ 119,99;21% off;4.8;
Meia Nike Classic 2 Unissex;Futebol;R$ 94,99 no Pix;R$ 119,99;21% off;4.8;
Meia Nike Classic 2 Unissex;Futebol;R$ 94,99 no Pix;R$ 119,99;21% off;4.8;
Camiseta Nike Paris Saint-Germain Masculina;Futebol;R$ 151,99 no Pix;R$ 199,99;24% off;;
Camiseta Jordan Dri-FIT Sport Masculina;Casual;R$ 218,49 no Pix;R$ 229,99;5% off;4.6;
Camiseta Jordan Dri-FIT Sport Masculina;Casual;R$ 189,99 no Pix;R$ 229,99;17% off;4.6;
Camiseta Jordan Dri-FIT Sport Masculina;Casual;R$ 189,99 no Pix;R$ 229,99;17% off;4.6;
Regata Nike Dri-FIT Miler Masculina;Corrida;R$ 123,49 no Pix;R$ 129,99;5% off;4.4;
Regata Nike Dri-FIT Miler Masculina;Corrida;R$ 94,99 no Pix;R$ 129,99;27% off;4.4;
Camiseta Nike Dri-FIT Rise 365 Masculina;Corrida;R$ 294,49 no Pix;R$ 349,99;16% off;;
Camiseta Nike Pro Dri-FIT Masculina;Treino & Academia;R$ 123,49 no Pix;R$ 199,99;38% off;5.0;
Camisa Nike Dri-Fit Uniformes;Futebol;R$ 75,99 no Pix;R$ 129,99;42% off;4.1;
Dunk Low;Casual;R$ 899,99;Disponível em SNKRS;;;
Camiseta Jordan Luka Masculina;Casual;R$ 151,99 no Pix;R$ 199,99;24% off;5.0;
Camiseta Nike Court Dri-FIT Slam Masculina;Para Jogar Tênis;R$ 256,49 no Pix;R$ 549,99;53% off;;
Camiseta Nike Dri-FIT Max90 Masculina;Basquete;R$ 199,49 no Pix;R$ 279,99;29% off;5.0;
Calça Nike Challenger Woven Masculina;Corrida;R$ 303,99 no Pix;R$ 499,99;39% off;4.0;
Personalize;Camisa Nike Corinthians I 2023/24 Jogador Masculina;Futebol;R$ 360,99 no Pix;R$ 699,99;48% off;4.7
Camiseta Nike Corinthians Escudo Masculina;Futebol;R$ 123,49 no Pix;R$ 129,99;5% off;4.8;
Camisa Nike Tiempo Premium II Masculina;Futebol;R$ 132,99 no Pix;R$ 149,99;11% off;5.0;
Camisa Nike Tiempo Premium II Masculina;Futebol;R$ 104,49 no Pix;R$ 149,99;30% off;5.0;
Shorts Jordan Sport Diamond Masculino;Casual;R$ 332,49 no Pix;R$ 349,99;5% off;5.0;
Meia Nike Everyday Essentials (2 pares) Unissex;Casual;R$ 94,99 no Pix;R$ 149,99;37% off;;
Meia Nike Everyday Essentials (2 pares) Unissex;Casual;R$ 94,99 no Pix;R$ 149,99;37% off;;
Calça Nike Dri-FIT Totality Masculina;Treino & Academia;R$ 294,49 no Pix;R$ 349,99;16% off;4.6;
Blusão Nike Sportswear Club Fleece Unissex;Casual;R$ 322,99 no Pix;R$ 399,99;19% off;4.7;
Blusão Nike Sportswear Club Fleece Unissex;Casual;R$ 322,99 no Pix;R$ 399,99;19% off;4.7;
Blusão Nike Sportswear Club Fleece Unissex;Casual;R$ 341,99 no Pix;R$ 399,99;15% off;4.7;
Shorts Nike Dri-FIT Rival Masculino;Basquete/Casual;R$ 85,49 no Pix;R$ 229,99;63% off;5.0;
Camiseta Jordan Los Angeles Lakers Essential Masculina;Casual;R$ 104,49 no Pix;R$ 229,99;55% off;;
Camiseta Nike Force Masculina;Basquete;R$ 199,49 no Pix;R$ 249,99;20% off;5.0;
Camiseta Nike Force Masculina;Basquete;R$ 237,49 no Pix;R$ 249,99;5% off;5.0;
Camiseta Nike Dri-FIT Masculina;Treino & Academia;R$ 151,99 no Pix;R$ 279,99;46% off;5.0;
Camiseta Jordan DOT Masculina;Casual;R$ 170,99 no Pix;R$ 249,99;32% off;;
Blusão Nike Dri-FIT NBA Team 31 Masculino;Basquete;R$ 360,99 no Pix;R$ 599,99;40% off;5.0;
Camisa Polo Nike Dri-FIT Corinthians Victory Masculina;Futebol;R$ 256,49 no Pix;R$ 349,99;27% off;5.0;
Shorts Jordan Woven Masculino;Casual;R$ 246,99 no Pix;R$ 299,99;18% off;5.0;
Shorts Nike Sportswear Club Masculino;Casual;R$ 180,49 no Pix;R$ 229,99;22% off;4.6;
Calça Nike Club Knit Masculina;Casual;R$ 294,49 no Pix;R$ 349,99;16% off;;
Camiseta Nike Brasil Just Do It Masculina;Futebol;R$ 161,49 no Pix;R$ 249,99;35% off;3.0;
Shorts Nike Dri-FIT ADV Rafa Nadal Masculino;Para Jogar Tênis;R$ 389,49 no Pix;R$ 549,99;29% off;5.0;
Shorts Nike Dri-FIT ADV Rafa Nadal Masculino;Para Jogar Tênis;R$ 417,99 no Pix;R$ 549,99;24% off;5.0;
Shorts Nike Dri-FIT ADV Rafa Nadal Masculino;Para Jogar Tênis;R$ 256,49 no Pix;R$ 549,99;53% off;5.0;
Jaqueta Nike Liverpool III Woven Revival Masculina;Futebol;R$ 512,99 no Pix;R$ 599,99;15% off;;
Camiseta Nike NBA San Antonio Spurs Masculina;Basquete;R$ 218,49 no Pix;R$ 229,99;5% off;;
Shorts Nike Run Energy Masculino;Corrida;R$ 265,99 no Pix;R$ 399,99;34% off;4.3;
Camisa Nike PSG IV 2023/24 Torcedor Pro Masculina;Futebol;R$ 379,99 no Pix;R$ 399,99;5% off;;
Camiseta Manga Longa Nike Brasil Strike Elite Masculina;Futebol;R$ 522,49 no Pix;R$ 699,99;25% off;4.4;
Camisa Nike Chelsea I 2023/24 Torcedor Pro Masculina;Futebol;R$ 379,99 no Pix;R$ 399,99;5% off;4.7;
Calça Nike Brasil Swoosh Masculina;Futebol;R$ 379,99 no Pix;R$ 799,99;53% off;4.4;
Jaqueta Nike Brasil Swoosh Masculina;Futebol;R$ 683,99 no Pix;R$ 799,99;15% off;4.0;
Camiseta Nike SB Max90 Unissex;Skateboarding;R$ 237,49 no Pix;R$ 249,99;5% off;;
Camisa Nike Barcelona III 2023/24 Jogador Masculina;Futebol;R$ 474,99 no Pix;R$ 699,99;32% off;;
Blusão Jordan Brooklyn Fleece Masculino;Casual;R$ 474,99 no Pix;R$ 499,99;5% off;4.4;
Blusão Jordan Brooklyn Fleece Masculino;Casual;R$ 474,99 no Pix;R$ 499,99;5% off;4.4;
Regata Nike Dri-FIT Icon Masculina;Basquete;R$ 170,99 no Pix;R$ 229,99;26% off;3.8;
Camiseta Nike NBA Los Angeles Lakers City Edition Masculina;Basquete;R$ 170,99 no Pix;R$ 229,99;26% off;;
Camiseta Nike NBA LeBron James Select Series Masculina;Basquete;R$ 161,49 no Pix;R$ 279,99;42% off;;
Shorts Nike Swoosh Masculino;Natação & Praia;R$ 275,49 no Pix;R$ 289,99;5% off;;
Shorts NikeCourt Dri-FIT Victory Masculino;Para Jogar Tênis;R$ 189,99 no Pix;R$ 279,99;32% off;4.4;
Camista Nike Corinthians Strike Masculina;Futebol;R$ 332,49 no Pix;R$ 399,99;17% off;;
Camiseta Nike Liverpool Masculina;Futebol;R$ 161,49 no Pix;R$ 329,99;51% off;3.5;
Camiseta Nike França Masculina;Futebol;R$ 379,99 no Pix;R$ 549,99;31% off;;
Camiseta Nike Sportswear Masculina;Casual;R$ 123,49 no Pix;R$ 149,99;18% off;3.6;
Shorts Nike Studio '72 Unlimited Masculino;Treino & Academia;R$ 284,99 no Pix;R$ 399,99;29% off;2.0;
Shorts Nike Studio '72 Unlimited Masculino;Treino & Academia;R$ 294,49 no Pix;R$ 399,99;26% off;2.0;
Shorts Nike JDI Fade Masculino;Natação & Praia;R$ 313,49 no Pix;R$ 329,99;5% off;;
Shorts Nike Club Chino Masculino;Casual;R$ 379,99 no Pix;R$ 399,99;5% off;2.5;
Shorts Nike Club Chino Masculino;Casual;R$ 284,99 no Pix;R$ 399,99;29% off;2.5;
Shorts Nike Pro Dri-FIT Masculino;Treino & Academia;R$ 151,99 no Pix;R$ 199,99;24% off;4.4;
Jaqueta Nike Brasil Club Masculina;Futebol;R$ 474,99 no Pix;R$ 599,99;21% off;;
Camiseta NikeCourt Dri-FIT Victory Masculina;Para Jogar Tênis;R$ 218,49 no Pix;R$ 249,99;13% off;3.8;
Shorts Nike Club Flow Masculino;Casual;R$ 332,49 no Pix;R$ 349,99;5% off;;
Shorts Nike Club Flow Masculino;Casual;R$ 332,49 no Pix;R$ 349,99;5% off;;
Shorts Nike Liverpool I 2023/24 Torcedor Pro Masculino;Futebol;R$ 189,99 no Pix;R$ 349,99;46% off;;
Calça Nike Club Woven Taper Masculina;Casual;R$ 275,49 no Pix;R$ 399,99;31% off;4.8;
Camiseta Nike Max90 Liverpool Masculina;Futebol;R$ 208,99 no Pix;R$ 249,99;16% off;4.7;
Camiseta Nike NBA Giannis Antetokounmpo Select Series Masculina;Basquete;R$ 227,99 no Pix;R$ 279,99;19% off;;
Camiseta Jordan Essentials Crew Masculina;Casual;R$ 142,49 no Pix;R$ 229,99;38% off;;
Camiseta Jordan Essentials Crew Masculina;Casual;R$ 170,99 no Pix;R$ 229,99;26% off;;
Moletom Nike Sherpa Masculina;Casual;R$ 446,49 no Pix;R$ 549,99;19% off;;
Moletom Nike Sherpa Masculina;Casual;R$ 446,49 no Pix;R$ 549,99;19% off;;
Camiseta Nike Park Masculina;Futebol;R$ 113,99 no Pix;R$ 149,99;24% off;4.1;
Camiseta Nike Park Masculina;Futebol;R$ 142,49 no Pix;R$ 149,99;5% off;4.1;
Blusão Nike Corinthians Club III Masculino;Futebol;R$ 284,99 no Pix;R$ 499,99;43% off;5.0;
Shorts Nike ACG Masculino;Casual;R$ 427,49 no Pix;R$ 649,99;34% off;5.0;
Shorts Nike ACG Masculino;Casual;R$ 332,49 no Pix;R$ 649,99;49% off;5.0;
Meia Nike Everyday Essential (3 Pares) Unissex;Casual;R$ 123,49 no Pix;R$ 129,99;5% off;4.3;
Camiseta Jordan Essentials 85 Masculina;Casual;R$ 237,49 no Pix;R$ 299,99;21% off;4.5;
Camiseta Nike Dri-FIT Legend Masculina;Treino & Academia;R$ 94,99 no Pix;R$ 229,99;59% off;5.0;
Camisa Nike Holanda I 2023/24 Torcedor Pro Masculina;Futebol;R$ 379,99 no Pix;R$ 399,99;5% off;5.0;
Regata Nike Golden State Warriors Icon Edition 2022/23 Masculina;Basquete;R$ 427,49 no Pix;R$ 699,99;39% off;5.0;
Camiseta Nike Gym Club Masculina;Treino & Academia;R$ 142,49 no Pix;R$ 229,99;38% off;;
Camiseta Nike Dri-FIT Masculina;Corrida;R$ 189,99 no Pix;R$ 229,99;17% off;5.0;
Camiseta Nike Dri-FIT Masculina;Corrida;R$ 161,49 no Pix;R$ 229,99;30% off;5.0;
Camiseta Nike Dri-FIT Run Masculina;Corrida;R$ 104,49 no Pix;R$ 229,99;55% off;5.0;
Camiseta Nike Dri-FIT Run Masculina;Corrida;R$ 161,49 no Pix;R$ 229,99;30% off;5.0;
Agasalho Nike Sportswear Club Woven Masculino;Casual;R$ 522,49 no Pix;R$ 549,99;5% off;3.8;
Agasalho Nike Sportswear Club Woven Masculino;Casual;R$ 522,49 no Pix;R$ 549,99;5% off;3.8;
Camiseta Nike Barcelona Masculina;Futebol;R$ 94,99 no Pix;R$ 229,99;59% off;;
Camisa Nike Culture of Football Masculina;Futebol;R$ 379,99 no Pix;R$ 399,99;5% off;;
Camisa Nike Liverpool II 2023/24 Torcedor Pro Masculina;Futebol;R$ 161,49 no Pix;R$ 399,99;60% off;4.4;
Camiseta Nike Dri-FIT Academy 23 Masculina;Futebol;R$ 94,99 no Pix;R$ 149,99;37% off;4.4;
Camiseta Nike Dri-FIT Academy 23 Masculina;Futebol;R$ 94,99 no Pix;R$ 149,99;37% off;4.4;
Camiseta Nike Dri-FIT Academy 23 Masculina;Futebol;R$ 94,99 no Pix;R$ 149,99;37% off;4.4;
Camiseta Nike Dri-FIT Academy 23 Masculina;Futebol;R$ 94,99 no Pix;R$ 149,99;37% off;4.4;
Calça Nike Club Knit Masculina;Casual;R$ 237,49 no Pix;R$ 349,99;32% off;5.0;
Calça Nike Club Knit Masculina;Casual;R$ 284,99 no Pix;R$ 349,99;19% off;5.0;
Blusão Nike Club Fleece Masculino;Casual;R$ 351,49 no Pix;R$ 499,99;30% off;5.0;
Camiseta Nike Dri-FIT 3MO Masculina;Treino & Academia;R$ 132,99 no Pix;R$ 229,99;42% off;;
Jaqueta Nike Dri-FIT Form Masculina;Treino & Academia;R$ 341,99 no Pix;R$ 499,99;32% off;;
Camiseta Nike Sportswear Polo Masculina;Casual;R$ 246,99 no Pix;R$ 329,99;25% off;4.4;
Camiseta Nike Sportswear Polo Masculina;Casual;R$ 313,49 no Pix;R$ 329,99;5% off;4.4;
Camiseta Jordan Essentials Masculina;Casual;R$ 379,99 no Pix;R$ 399,99;5% off;;
Camisa Nike Dri-Fit Uniformes;Futebol;R$ 75,99 no Pix;R$ 129,99;42% off;4.1;
Dunk Low;Casual;R$ 899,99;Disponível em SNKRS;;;
Camiseta Nike Liverpool Masculina;Futebol;R$ 142,49 no Pix;R$ 199,99;29% off;;
Camiseta Nike Liverpool Masculina;Futebol;R$ 161,49 no Pix;R$ 199,99;19% off;;
Shorts Nike Sportswear Tech Fleece Masculino;Casual;R$ 522,49 no Pix;R$ 549,99;5% off;4.5;
Shorts Nike Sportswear Tech Fleece Masculino;Casual;R$ 522,49 no Pix;R$ 549,99;5% off;4.5;
Shorts Nike Sportswear Tech Fleece Masculino;Casual;R$ 446,49 no Pix;R$ 549,99;19% off;4.5;
Meia Nike Everyday Plus (3 Pares) Unissex;Treino & Academia;R$ 142,49 no Pix;R$ 149,99;5% off;4.9;
Shorts Nike Club Flow Masculino;Casual;R$ 284,99 no Pix;R$ 299,99;5% off;4.8;
Shorts Nike Club Flow Masculino;Casual;R$ 284,99 no Pix;R$ 299,99;5% off;4.8;
Shorts Nike Club Flow Masculino;Casual;R$ 284,99 no Pix;R$ 299,99;5% off;4.8;
Shorts Nike Club Flow Masculino;Casual;R$ 237,49 no Pix;R$ 299,99;21% off;4.8;
Shorts Nike Club Flow Masculino;Casual;R$ 237,49 no Pix;R$ 299,99;21% off;4.8;
Shorts Nike Club Flow Masculino;Casual;R$ 284,99 no Pix;R$ 299,99;5% off;4.8;
Regata Nike NBA LaMelo Ball Charlotte Hornets 2024/25 Select Series Masculina;Basquete;R$ 474,99 no Pix;R$ 699,99;32% off;;
Regata Nike NBA Giannis Antetokounmpo Milwaukee Bucks 2024/25 Select Series Masculina;Basquete;R$ 474,99 no Pix;R$ 699,99;32% off;;
Camisa Nike Atlético de Madrid II 2023/24 Torcedor Pro Masculina;Futebol;R$ 199,49 no Pix;R$ 399,99;50% off;;
Camiseta Nike Dri-FIT Park Masculina;Futebol;R$ 151,99 no Pix;R$ 199,99;24% off;3.3;
Camiseta Nike Dri-FIT Park Masculina;Futebol;R$ 189,99 no Pix;R$ 199,99;5% off;3.3;
Calça Nike Dri-FIT Masculina;Treino & Academia;R$ 313,49 no Pix;R$ 449,99;30% off;4.6;
Camiseta Nike Corinthians Max90 Masculina;Futebol;R$ 161,49 no Pix;R$ 299,99;46% off;3.0;
Camiseta Air Jordan 85 Tokio Masculina;Casual;R$ 332,49 no Pix;R$ 349,99;5% off;;
Calça Jordan Woven Masculina;Casual;R$ 398,99 no Pix;R$ 599,99;34% off;;
Calça Jordan Brooklin Fleece Masculina;Casual;R$ 379,99 no Pix;R$ 399,99;5% off;;
Camiseta Jordan Crew 85 Masculina;Basquete;R$ 332,49 no Pix;R$ 399,99;17% off;;
Camiseta Nike Pro Dri-FIT Masculina;Treino & Academia;R$ 123,49 no Pix;R$ 199,99;38% off;5.0;
Shorts Nike Brasil Limited Masculino;Basquete;R$ 189,99 no Pix;R$ 499,99;62% off;5.0;
Camiseta Nike Court Dri-FIT Slam Masculina;Para Jogar Tênis;R$ 256,49 no Pix;R$ 549,99;53% off;;
Camiseta Nike Dri-FIT Rise 365 Masculina;Corrida;R$ 208,99 no Pix;R$ 329,99;37% off;;
Camiseta Nike Dri-FIT ADV Rafa Nadal Masculina;Para Jogar Tênis;R$ 474,99 no Pix;R$ 649,99;27% off;5.0;
Regata Nike All Star Weekend Giannis Masculina;Basquete;R$ 370,49 no Pix;R$ 649,99;43% off;5.0;
Regata Nike NBA LeBron James Los Angeles Lakers 2024/25 Select Series Masculina;Basquete;R$ 598,49 no Pix;R$ 699,99;15% off;5.0;
Regata Nike Dri-FIT Swoosh Masculina;Basquete;R$ 569,99 no Pix;R$ 699,99;19% off;;
Regata Nike Liverpool x LeBron James DNA Masculina;Futebol;R$ 303,99 no Pix;R$ 449,99;32% off;5.0;
Regata Nike NBA LaMelo Ball Charlotte Hornets 2024/25 Select Series Masculina;Basquete;R$ 474,99 no Pix;R$ 699,99;32% off;;
Regata Nike NBA Ja Morant Memphis Grizzlies 2024/25 Select Series Masculina;Basquete;R$ 560,49 no Pix;R$ 699,99;20% off;;
Shorts Nike Club Flow Masculino;Casual;R$ 284,99 no Pix;R$ 299,99;5% off;4.8;
Shorts Nike Club Flow Masculino;Casual;R$ 284,99 no Pix;R$ 299,99;5% off;4.8;
Shorts Nike Club Flow Masculino;Casual;R$ 237,49 no Pix;R$ 299,99;21% off;4.8;
Shorts Nike Club Flow Masculino;Casual;R$ 237,49 no Pix;R$ 299,99;21% off;4.8;
Shorts Nike Club Flow Masculino;Casual;R$ 284,99 no Pix;R$ 299,99;5% off;4.8;
Nocta;Casual;R$ 1899,99 no Pix;R$ 1.999,99;5% off;5.0;
Camiseta Nike Sportswear Polo Masculina;Casual;R$ 246,99 no Pix;R$ 329,99;25% off;4.4;
Camiseta Nike Sportswear Polo Masculina;Casual;R$ 313,49 no Pix;R$ 329,99;5% off;4.4;
Camiseta Nike Kevin Durant Masculina;Basquete;R$ 180,49 no Pix;R$ 279,99;36% off;5.0;
Camiseta Nike Kevin Durant Masculina;Basquete;R$ 199,49 no Pix;R$ 279,99;29% off;5.0;
Camisa Nike Chelsea I 2022/2023 Torcedor Pro Masculina;Futebol;R$ 189,99 no Pix;R$ 379,99;50% off;4.0;
Calça Jordan Essentials Masculina;Casual;R$ 427,49 no Pix;R$ 449,99;5% off;5.0;
Camiseta Nike Liverpool Strike Masculina;Futebol;R$ 284,99 no Pix;R$ 299,99;5% off;5.0;
Camiseta Nike PSG Academy Pro Masculina;Futebol;R$ 360,99 no Pix;R$ 399,99;10% off;;
Shorts Nike ACG Masculino;Casual;R$ 332,49 no Pix;R$ 649,99;49% off;5.0;
Personalize;Camisa Nike Brasil I 2022/23 Jogador Masculina;Futebol;R$ 664,99 no Pix;R$ 699,99;5% off;5.0
Calça Jordan Brooklin Fleece Masculina;Casual;R$ 379,99 no Pix;R$ 399,99;5% off;;
Calça Jordan Brooklin Fleece Masculina;Casual;R$ 379,99 no Pix;R$ 399,99;5% off;;
Camiseta Jordan Crew 85 Masculina;Basquete;R$ 332,49 no Pix;R$ 399,99;17% off;;
Camiseta Nike Liverpool Masculina;Futebol;R$ 142,49 no Pix;R$ 199,99;29% off;;
Camiseta Nike Liverpool Masculina;Futebol;R$ 142,49 no Pix;R$ 199,99;29% off;;
Camiseta Nike Court Dri-FIT Masculina;Para Jogar Tênis;R$ 123,49 no Pix;R$ 229,99;46% off;5.0;
Agasalho Nike Dri-FIT Academy Masculino;Futebol;R$ 484,49 no Pix;R$ 649,99;25% off;;
Camiseta Nike França Escudo Masculina;Futebol;R$ 199,49 no Pix;R$ 249,99;20% off;;
Shorts Nike Corinthians Torcedor Pro Masculino;Futebol;R$ 284,99 no Pix;R$ 299,99;5% off;3.0;
Camiseta Air Jordan 85 Tokio Masculina;Casual;R$ 332,49 no Pix;R$ 349,99;5% off;;
Calça Jordan Woven Masculina;Casual;R$ 398,99 no Pix;R$ 599,99;34% off;;
Camiseta Nike Essential Hydroguard Masculina;Natação & Praia;R$ 151,99 no Pix;R$ 159,99;5% off;3.0;
Camiseta Nike Essential Hydroguard Masculina;Natação & Praia;R$ 151,99 no Pix;R$ 159,99;5% off;3.0;
Shorts Nike Brasil Limited Masculino;Basquete;R$ 189,99 no Pix;R$ 499,99;62% off;5.0;
Shorts Nike Dri-FIT Challenger Masculino;Corrida;R$ 199,49 no Pix;R$ 299,99;34% off;5.0;
Shorts Jordan Diamond Masculino;Basquete;R$ 379,99 no Pix;R$ 399,99;5% off;;
Blusão Nike Corinthians Club III Masculino;Futebol;R$ 284,99 no Pix;R$ 499,99;43% off;5.0;
Camiseta Nike Sportswear Club Masculina;Casual;R$ 66,49 no Pix;R$ 119,99;45% off;4.8;
Camiseta Nike Sportswear Club Masculina;Casual;R$ 75,99 no Pix;R$ 119,99;37% off;4.8;
Camiseta Nike Sportswear DNA Masculina;Corrida;R$ 170,99 no Pix;R$ 179,99;5% off;;
Camiseta Nike Sportswear DNA Masculina;Corrida;R$ 170,99 no Pix;R$ 179,99;5% off;;
Camiseta Nike Sportswear DNA Masculina;Corrida;R$ 170,99 no Pix;R$ 179,99;5% off;;
Dunk Low SE;Casual;R$ 999,99;Disponível em SNKRS;;;
Camiseta Nike Brasil Dri-FIT Academy Pro Masculina;Futebol;R$ 142,49 no Pix;R$ 249,99;43% off;3.8;
Shorts Jordan Dri-FIT Diamond Woven Masculino;Casual;R$ 284,99 no Pix;R$ 349,99;19% off;4.0;
Shorts Jordan Dri-FIT Diamond Woven Masculino;Casual;R$ 218,49 no Pix;R$ 349,99;38% off;4.0;
Camiseta Nike Sportswear Masculina;Casual;R$ 218,49 no Pix;R$ 229,99;5% off;;
Agasalho Nike Dri-FIT Academy Masculino;Futebol;R$ 332,49 no Pix;R$ 549,99;40% off;3.7;
Blusão Nike SB Essencial Fleece Unissex;Skateboarding;R$ 332,49 no Pix;R$ 599,99;45% off;5.0;
Camiseta Nike Dri-FIT Vintage Fitness Masculina;Treino & Academia;R$ 142,49 no Pix;R$ 149,99;5% off;;
Camiseta Nike Dri-FIT UV UV Hyverse Masculina;Treino & Academia;R$ 189,99 no Pix;R$ 249,99;24% off;1.0;
Camiseta NikeCourt Dri-FIT ADV Slam Masculina;Para Jogar Tênis;R$ 379,99 no Pix;R$ 499,99;24% off;5.0;
Camiseta Nike Sportswear Masculina;Casual;R$ 151,99 no Pix;R$ 199,99;24% off;4.7;
Camiseta Nike Sportswear Masculina;Casual;R$ 161,49 no Pix;R$ 199,99;19% off;4.7;
Camiseta Nike SB Masculina;Skateboarding;R$ 123,49 no Pix;R$ 149,99;18% off;4.2;
Camiseta Nike SB Masculina;Skateboarding;R$ 113,99 no Pix;R$ 149,99;24% off;4.2;
Camiseta Nike SB Masculina;Skateboarding;R$ 94,99 no Pix;R$ 149,99;37% off;4.2;
Camiseta Nike SB Masculina;Skateboarding;R$ 142,49 no Pix;R$ 149,99;5% off;4.2;
Camiseta Nike SB Masculina;Skateboarding;R$ 180,49 no Pix;R$ 249,99;28% off;5.0;
Camiseta Nike SB Masculina;Skateboarding;R$ 142,49 no Pix;R$ 249,99;43% off;5.0;
Shorts Nike Dri-FIT Academy 23 Masculino;Futebol;R$ 94,99 no Pix;R$ 129,99;27% off;3.6;
Shorts Nike Dri-FIT Academy 23 Masculino;Futebol;R$ 94,99 no Pix;R$ 129,99;27% off;3.6;
Camiseta Nike Dri-FIT Masculina;Treino & Academia;R$ 123,49 no Pix;R$ 149,99;18% off;4.8;
Camiseta Nike Dri-FIT UV Miller Masculina;Corrida;R$ 85,49 no Pix;R$ 149,99;43% off;3.9;
Camiseta Nike Dri-FIT UV Miller Masculina;Corrida;R$ 85,49 no Pix;R$ 149,99;43% off;3.9;
Camiseta Nike Dri-FIT UV Miller Masculina;Corrida;R$ 113,99 no Pix;R$ 149,99;24% off;3.9;
Camiseta Nike Dri-FIT UV Miller Masculina;Corrida;R$ 94,99 no Pix;R$ 149,99;37% off;3.9;
Camiseta Nike Dri-FIT UV Miller Masculina;Corrida;R$ 123,49 no Pix;R$ 149,99;18% off;3.9;
Camiseta Nike Dri-FIT UV Miller Masculina;Corrida;R$ 142,49 no Pix;R$ 149,99;5% off;3.9;
Regata Nike Dri-FIT Legend Masculina;Treino & Academia;R$ 75,99 no Pix;R$ 129,99;42% off;4.6;
Regata Nike Dri-FIT Legend Masculina;Treino & Academia;R$ 85,49 no Pix;R$ 129,99;34% off;4.6;
Camiseta Nike Sportswear Masculina;Casual;R$ 208,99 no Pix;R$ 249,99;16% off;4.2;
Camiseta Nike Sportswear Masculina;Casual;R$ 208,99 no Pix;R$ 249,99;16% off;4.2;
Regata Nike Dri-FIT Masculina;Basquete;R$ 123,49 no Pix;R$ 199,99;38% off;2.7;
Camiseta Nike Max90 Masculina;Basquete;R$ 113,99 no Pix;R$ 279,99;59% off;;
Camiseta Jordan NBA Denver Nuggets Essential Masculina;Basquete;R$ 123,49 no Pix;R$ 229,99;46% off;;
Nike x Off-White™;Casual;R$ 1329,99 no Pix;R$ 1.999,99;34% off;;
Shorts Nike Life Camp Masculino;Casual;R$ 474,99 no Pix;R$ 499,99;5% off;;
Camiseta Nike Miler Masculina;Corrida;R$ 180,49 no Pix;R$ 249,99;28% off;;
Shorts Nike Paris Saint-German Masculino;Futebol;R$ 332,49 no Pix;R$ 349,99;5% off;;
Jaqueta Nike Club Hoodie Masculina;Casual;R$ 322,99 no Pix;R$ 449,99;28% off;4.7;
Regata Nike Phoenix Suns Icon Edition 2023/24 Masculina;Basquete;R$ 389,49 no Pix;R$ 699,99;44% off;5.0;
Regata Nike Phoenix Suns Icon Edition 2023/24 Masculina;Basquete;R$ 560,49 no Pix;R$ 699,99;20% off;5.0;
Regata Nike Milwaukee Bucks Statement Edition 2022/23 Masculina;Basquete;R$ 455,99 no Pix;R$ 699,99;35% off;5.0;
Camiseta Nike Giannis Masculina;Basquete;R$ 265,99 no Pix;R$ 279,99;5% off;;
Camiseta Nike Giannis Masculina;Basquete;R$ 199,49 no Pix;R$ 279,99;29% off;;
Camiseta Nike Dri-FIT Gym Masculina;Treino & Academia;R$ 132,99 no Pix;R$ 199,99;34% off;;
Camiseta Nike Dri-FIT Gym Masculina;Treino & Academia;R$ 132,99 no Pix;R$ 199,99;34% off;;
Shorts Nike Dri-FIT Track Club Masculino;Corrida;R$ 218,49 no Pix;R$ 349,99;38% off;5.0;
Shorts Nike Dri-FIT Track Club Masculino;Corrida;R$ 218,49 no Pix;R$ 349,99;38% off;5.0;
Meia Nike Everyday Plus Cushioned Unissex;Treino & Academia;R$ 85,49 no Pix;R$ 119,99;29% off;4.9;
Meia Nike Everyday Plus Cushioned Unissex;Treino & Academia;R$ 66,49 no Pix;R$ 119,99;45% off;4.9;
Camisa Nike Dri-Fit Uniformes;Futebol;R$ 75,99 no Pix;R$ 129,99;42% off;4.3;
Blusão Nike Swoosh Masculino;Treino & Academia;R$ 303,99 no Pix;R$ 449,99;32% off;4.4;
Meias Nike Everyday Plus (3 Pares) Unissex;Casual;R$ 189,99 no Pix;R$ 199,99;5% off;;
Meias Nike Everyday Plus (3 Pares) Unissex;Casual;R$ 189,99 no Pix;R$ 199,99;5% off;;
Camiseta Nike Sportswear Masculina;Casual;R$ 113,99 no Pix;R$ 249,99;54% off;4.4;
Camisa Nike Dri-FIT Uniformes;Futebol;R$ 75,99 no Pix;R$ 149,99;49% off;4.3;
Camisa Nike Dri-FIT Uniformes;Futebol;R$ 75,99 no Pix;R$ 149,99;49% off;4.3;
Camisa Nike Dri-FIT Uniformes;Futebol;R$ 75,99 no Pix;R$ 149,99;49% off;4.3;
Camisa Nike Dri-FIT Uniformes;Futebol;R$ 75,99 no Pix;R$ 149,99;49% off;4.3;
Camiseta Nike Dri-FIT Legend Masculina;Treino & Academia;R$ 75,99 no Pix;R$ 129,99;42% off;4.1;
Camiseta Nike Dri-FIT Legend Masculina;Treino & Academia;R$ 104,49 no Pix;R$ 129,99;20% off;4.1;
Camiseta Nike Dri-FIT Legend Masculina;Treino & Academia;R$ 75,99 no Pix;R$ 129,99;42% off;4.1;
Camiseta Nike Dri-FIT Legend Masculina;Treino & Academia;R$ 104,49 no Pix;R$ 129,99;20% off;4.1;
Camiseta Nike Dri-FIT Legend Masculina;Treino & Academia;R$ 75,99 no Pix;R$ 129,99;42% off;4.1;
Camiseta Nike Dri-FIT Legend Masculina;Treino & Academia;R$ 113,99 no Pix;R$ 129,99;12% off;4.1;
Jaqueta Nike Dri-FIT Corinthians Repel Academy III Masculina;Futebol;R$ 313,49 no Pix;R$ 599,99;48% off;4.4;
Camiseta Regata Nike Corinthians Masculina;Futebol;R$ 218,49 no Pix;R$ 399,99;45% off;;
